"id","food_id","variation_id","option_name","option_price","restaurant_price","total_stock","stock_type","sell_count","created_at","updated_at"
"6","2180","3","Medium","260.000",NULL,"0","unlimited","0","2025-09-11 15:27:13","2025-09-11 15:27:13"
"7","2180","3","Large","364.000",NULL,"0","unlimited","0","2025-09-11 15:27:13","2025-09-11 15:27:13"
"8","2181","4","medium","260.000",NULL,"0","unlimited","0","2025-09-11 15:35:52","2025-09-11 15:35:52"
"9","2181","4","Large","364.000",NULL,"0","unlimited","0","2025-09-11 15:35:52","2025-09-11 15:35:52"
"10","2182","5","Small","198.000",NULL,"0","unlimited","0","2025-09-11 15:47:01","2025-10-23 15:07:05"
"11","2182","5","Large","426.000",NULL,"0","unlimited","0","2025-09-11 15:47:01","2025-09-11 15:47:01"
"12","2183","6","Medium","260.000",NULL,"0","unlimited","0","2025-09-11 16:06:07","2025-09-11 16:06:07"
"13","2183","6","Large","364.000",NULL,"0","unlimited","0","2025-09-11 16:06:07","2025-09-11 16:06:07"
"14","2184","7","Medium","260.000",NULL,"0","unlimited","0","2025-09-11 16:08:34","2025-09-11 16:08:34"
"15","2184","7","Large","364.000",NULL,"0","unlimited","0","2025-09-11 16:08:34","2025-09-11 16:08:34"
"16","2185","8","Regular","177.000",NULL,"0","unlimited","0","2025-09-11 16:13:13","2025-10-30 14:11:01"
"17","2185","8","Medium","343.000",NULL,"0","unlimited","0","2025-09-11 16:13:13","2025-10-30 14:11:01"
"18","2186","9","Medium","343.000",NULL,"0","unlimited","0","2025-09-11 16:16:07","2025-09-11 16:16:07"
"19","2186","9","Large","458.000",NULL,"0","unlimited","0","2025-09-11 16:16:07","2025-09-11 16:16:07"
"20","2187","10","Medium","343.000",NULL,"0","unlimited","0","2025-09-11 16:18:24","2025-09-11 16:18:24"
"21","2187","10","Large","458.000",NULL,"0","unlimited","0","2025-09-11 16:18:24","2025-09-11 16:18:24"
"22","2188","11","Medium","343.000",NULL,"0","unlimited","0","2025-09-11 16:25:31","2025-09-11 16:25:31"
"23","2188","11","Large","458.000",NULL,"0","unlimited","0","2025-09-11 16:25:31","2025-09-11 16:25:31"
"24","2189","12","Medium","374.000",NULL,"0","unlimited","0","2025-09-11 16:32:40","2025-09-11 16:32:40"
"25","2189","12","Large","458.000",NULL,"0","unlimited","0","2025-09-11 16:32:40","2025-09-11 16:32:40"
"26","2190","13","Large","541.000",NULL,"0","unlimited","0","2025-09-11 16:35:46","2025-09-11 16:35:46"
"27","2191","14","Large","541.000",NULL,"0","unlimited","0","2025-09-11 16:39:51","2025-09-11 16:39:51"
"28","2192","15","Large","541.000",NULL,"0","unlimited","0","2025-09-11 16:42:41","2025-09-11 16:42:41"
"29","2193","16","Large","676.000",NULL,"0","unlimited","0","2025-09-11 16:45:10","2025-09-11 16:45:10"
"30","2194","17","Medium","73.000",NULL,"0","unlimited","0","2025-09-11 16:51:26","2025-09-11 16:51:26"
"31","2194","17","Large","104.000",NULL,"0","unlimited","0","2025-09-11 16:51:26","2025-09-11 16:51:26"
"33","2197","18","Small","236.000",NULL,"0","unlimited","0","2025-09-11 18:50:38","2026-04-15 18:30:14"
"34","1228","19","Full","218.000",NULL,"0","unlimited","0","2025-09-14 12:13:56","2025-09-14 12:13:56"
"36","2200","21","Meal","126.000",NULL,"0","unlimited","0","2025-09-18 13:00:58","2025-09-18 13:00:58"
"37","2201","22","Meal","148.000",NULL,"0","unlimited","0","2025-09-18 13:04:11","2025-09-18 13:04:11"
"38","2202","23","Meal","159.000",NULL,"0","unlimited","0","2025-09-18 13:06:28","2025-09-18 13:06:28"
"39","2203","24","Meal","171.000",NULL,"0","unlimited","0","2025-09-18 13:08:50","2025-09-18 13:08:50"
"40","2204","25","Meal","182.000",NULL,"0","unlimited","0","2025-09-18 13:10:38","2025-09-18 13:10:38"
"41","2205","26","Meal","193.000",NULL,"0","unlimited","0","2025-09-18 13:12:11","2025-09-18 13:12:11"
"42","2234","27","Full","686.000",NULL,"0","unlimited","0","2025-09-18 15:06:20","2025-09-18 15:06:20"
"43","2235","28","Full","686.000",NULL,"0","unlimited","0","2025-09-18 15:12:50","2025-09-18 15:12:50"
"44","2236","29","Full","686.000",NULL,"0","unlimited","0","2025-09-18 15:16:03","2025-09-18 15:16:03"
"45","2237","30","Full","686.000",NULL,"0","unlimited","0","2025-09-18 15:18:32","2025-09-18 15:18:32"
"46","2238","31","Full","458.000",NULL,"0","unlimited","0","2025-09-18 15:21:43","2025-09-18 15:21:43"
"47","2239","32","Full","686.000",NULL,"0","unlimited","0","2025-09-18 15:24:56","2025-09-18 15:24:56"
"48","2240","33","Half","340.000",NULL,"0","unlimited","0","2025-09-18 16:30:38","2026-06-07 11:00:26"
"49","2240","33","Full","549.000",NULL,"0","unlimited","0","2025-09-18 16:30:38","2026-06-07 11:00:26"
"50","2241","34","Half","275.000",NULL,"0","unlimited","0","2025-09-18 16:37:38","2025-09-18 16:37:38"
"51","2241","34","Full","515.000",NULL,"0","unlimited","0","2025-09-18 16:37:38","2025-09-18 16:37:38"
"52","2257","35","Medium","156.000",NULL,"0","unlimited","0","2025-09-22 19:51:55","2026-04-15 18:11:51"
"54","2268","37","Small","225.000",NULL,"0","unlimited","0","2025-10-01 11:21:37","2026-04-15 18:28:24"
"55","2273","38","Half","115.000",NULL,"0","unlimited","0","2025-10-02 10:22:40","2026-05-21 16:00:01"
"56","2269","39","Small","144.000",NULL,"0","unlimited","0","2025-10-02 11:07:25","2026-04-15 18:09:21"
"57","1806","40","Burger","52.000",NULL,"0","unlimited","0","2025-10-02 11:09:07","2026-04-15 17:11:49"
"58","1807","41","Burger","64.000",NULL,"0","unlimited","0","2025-10-02 11:11:38","2026-04-15 17:13:37"
"59","1808","42","Burger","75.000",NULL,"0","unlimited","0","2025-10-02 11:13:09","2026-04-15 17:15:18"
"60","2265","43","Small","179.000",NULL,"0","unlimited","0","2025-10-02 11:14:00","2026-04-15 18:14:53"
"61","1809","44","Burger","87.000",NULL,"0","unlimited","0","2025-10-02 11:14:15","2026-04-15 17:22:44"
"62","2266","45","Small","190.000",NULL,"0","unlimited","0","2025-10-02 11:15:28","2026-04-15 18:18:18"
"63","2270","46","Small","190.000",NULL,"0","unlimited","0","2025-10-02 11:17:20","2026-04-15 18:21:11"
"64","2267","47","Small","202.000",NULL,"0","unlimited","0","2025-10-02 11:19:40","2026-04-15 18:23:09"
"65","1810","48","Burger","81.000",NULL,"0","unlimited","0","2025-10-02 11:20:09","2026-04-15 17:25:53"
"66","1811","49","Burger","92.000",NULL,"0","unlimited","0","2025-10-02 11:21:08","2026-04-15 17:31:20"
"67","1812","50","Burger","92.000",NULL,"0","unlimited","0","2025-10-02 11:22:09","2026-04-15 17:35:27"
"68","1813","51","Burger","92.000",NULL,"0","unlimited","0","2025-10-02 11:26:45","2026-04-15 17:38:05"
"69","1814","52","Burger","104.000",NULL,"0","unlimited","0","2025-10-02 11:27:45","2026-04-15 17:40:07"
"70","2272","53","Small","258.000",NULL,"0","unlimited","0","2025-10-02 11:28:36","2026-04-15 18:31:51"
"72","1816","55","Burger","92.000",NULL,"0","unlimited","0","2025-10-02 11:30:17","2026-04-15 17:45:19"
"73","1817","56","Burger","92.000",NULL,"0","unlimited","0","2025-10-02 11:31:19","2026-04-15 17:47:41"
"74","2275","57","Small","225.000",NULL,"0","unlimited","0","2025-10-02 11:33:33","2026-04-15 18:03:38"
"75","1818","58","Burger","98.000",NULL,"0","unlimited","0","2025-10-02 11:34:21","2026-04-15 17:49:31"
"76","1819","59","Burger","110.000",NULL,"0","unlimited","0","2025-10-02 11:35:22","2026-04-15 17:51:56"
"77","1820","60","Burger","115.000",NULL,"0","unlimited","0","2025-10-02 11:36:10","2026-04-15 16:33:50"
"78","1821","61","Burger","121.000",NULL,"0","unlimited","0","2025-10-02 11:38:50","2026-04-15 16:36:25"
"79","1822","62","Burger","121.000",NULL,"0","unlimited","0","2025-10-02 11:39:49","2026-04-15 17:03:13"
"80","1823","63","Burger","121.000",NULL,"0","unlimited","0","2025-10-02 11:40:52","2026-04-15 17:07:51"
"81","1824","64","Burger","156.000",NULL,"0","unlimited","0","2025-10-02 11:41:30","2026-04-15 17:09:51"
"82","1825","65","Sandwich","75.000",NULL,"0","unlimited","0","2025-10-02 11:49:08","2026-04-16 13:37:11"
"83","1826","66","Sandwich","70.000",NULL,"0","unlimited","0","2025-10-02 11:50:04","2026-04-16 13:50:05"
"84","1827","67","Sandwich","92.000",NULL,"0","unlimited","0","2025-10-02 11:50:42","2026-04-16 13:54:14"
"85","1828","68","Sandwich","92.000",NULL,"0","unlimited","0","2025-10-02 11:52:30","2026-04-16 13:55:46"
"86","1829","69","Sandwich","87.000",NULL,"0","unlimited","0","2025-10-02 11:54:18","2026-04-16 13:58:28"
"87","1830","70","Sandwich","104.000",NULL,"0","unlimited","0","2025-10-02 11:56:35","2026-04-16 14:00:39"
"88","2287","71","500 Gms","92.000",NULL,"0","unlimited","0","2025-10-04 15:18:56","2025-10-04 15:18:56"
"89","2287","71","1Kg","183.000",NULL,"0","unlimited","0","2025-10-04 15:18:56","2025-10-04 15:18:56"
"90","2288","72","500 gms","114.000",NULL,"0","unlimited","0","2025-10-04 15:20:45","2025-10-04 15:20:45"
"91","2288","72","1Kg","229.000",NULL,"0","unlimited","0","2025-10-04 15:20:45","2025-10-04 15:20:45"
"92","2289","73","500 Gms","114.000",NULL,"0","unlimited","0","2025-10-04 15:23:01","2025-10-04 15:23:01"
"93","2289","73","1Kg","229.000",NULL,"0","unlimited","0","2025-10-04 15:23:01","2025-10-04 15:23:01"
"94","575","74","Full","489.000",NULL,"0","unlimited","0","2025-10-04 16:11:24","2025-10-04 16:11:24"
"95","2290","75","500gms","114.000",NULL,"0","unlimited","0","2025-10-05 11:59:42","2025-10-05 11:59:42"
"96","2290","75","1kg","229.000",NULL,"0","unlimited","0","2025-10-05 11:59:42","2025-10-05 11:59:42"
"97","2291","76","500gms","137.000",NULL,"0","unlimited","0","2025-10-05 12:06:48","2025-10-05 12:06:48"
"98","2291","76","1kg","275.000",NULL,"0","unlimited","0","2025-10-05 12:06:48","2025-10-05 12:06:48"
"99","2292","77","500gm","275.000",NULL,"0","unlimited","0","2025-10-05 12:14:19","2025-10-05 12:14:19"
"100","2292","77","1kg","549.000",NULL,"0","unlimited","0","2025-10-05 12:14:19","2025-10-05 12:14:19"
"101","2293","78","500gm","286.000",NULL,"0","unlimited","0","2025-10-05 12:17:36","2025-10-05 12:17:36"
"102","2293","78","1kg","572.000",NULL,"0","unlimited","0","2025-10-05 12:17:36","2025-10-05 12:17:36"
"103","2294","79","500gm","275.000",NULL,"0","unlimited","0","2025-10-05 12:20:25","2025-10-05 12:20:25"
"104","2294","79","1kg","549.000",NULL,"0","unlimited","0","2025-10-05 12:20:25","2025-10-05 12:20:25"
"105","2295","80","500gm","275.000",NULL,"0","unlimited","0","2025-10-05 12:24:03","2025-10-05 12:24:03"
"106","2295","80","1kg","549.000",NULL,"0","unlimited","0","2025-10-05 12:24:03","2025-10-05 12:24:03"
"107","2296","81","500gm","275.000",NULL,"0","unlimited","0","2025-10-05 12:28:06","2025-10-05 12:28:06"
"108","2296","81","1kg","549.000",NULL,"0","unlimited","0","2025-10-05 12:28:06","2025-10-05 12:28:06"
"109","2297","82","500gm","275.000",NULL,"0","unlimited","0","2025-10-05 12:31:24","2025-10-05 12:31:24"
"110","2297","82","1kg","549.000",NULL,"0","unlimited","0","2025-10-05 12:31:24","2025-10-05 12:31:24"
"111","2298","83","500gm","172.000",NULL,"0","unlimited","0","2025-10-05 12:35:33","2025-10-05 12:35:33"
"112","2298","83","1kg","343.000",NULL,"0","unlimited","0","2025-10-05 12:35:33","2025-10-05 12:35:33"
"117","2309","86","500gm","160.000",NULL,"0","unlimited","0","2025-10-06 11:31:57","2025-10-06 11:31:57"
"118","2309","86","1kg","320.000",NULL,"0","unlimited","0","2025-10-06 11:31:57","2025-10-06 11:31:57"
"119","2310","87","500gm","160.000",NULL,"0","unlimited","0","2025-10-06 11:35:45","2025-10-06 11:35:45"
"120","2310","87","1kg","320.000",NULL,"0","unlimited","0","2025-10-06 11:35:45","2025-10-06 11:35:45"
"121","2312","88","Full","541.000",NULL,"0","unlimited","0","2025-10-07 20:41:44","2025-10-07 20:41:44"
"130","2325","93","Medium","80.000",NULL,"0","unlimited","0","2025-10-11 14:12:10","2025-10-11 14:12:10"
"131","2325","93","Large","103.000",NULL,"0","unlimited","0","2025-10-11 14:12:10","2025-10-11 14:12:10"
"132","2326","94","Small","47.000",NULL,"0","unlimited","0","2025-10-11 14:15:46","2026-02-10 12:31:38"
"133","2326","94","Medium","57.000",NULL,"0","unlimited","0","2025-10-11 14:15:46","2026-02-10 12:31:38"
"148","2339","102","Aloo Tikki Burger","115.000",NULL,"0","unlimited","0","2025-10-11 17:21:11","2025-10-11 17:21:11"
"149","2415","103","Medium","378.000",NULL,"0","unlimited","0","2025-10-23 19:03:57","2025-10-23 19:03:57"
"150","2415","103","Large","492.000",NULL,"0","unlimited","0","2025-10-23 19:03:57","2025-10-23 19:03:57"
"155","2434","105","Small","137.000",NULL,"0","unlimited","0","2025-10-25 13:39:17","2025-10-25 13:39:17"
"156","2434","105","Medium","283.000",NULL,"0","unlimited","0","2025-10-25 13:39:17","2025-10-25 13:39:17"
"157","2434","105","Large","435.000",NULL,"0","unlimited","0","2025-10-25 13:39:17","2025-10-25 13:39:17"
"158","2446","106","Regular","252.000",NULL,"0","unlimited","0","2025-10-25 17:16:08","2025-10-25 17:16:08"
"159","2446","106","Medium","400.000",NULL,"0","unlimited","0","2025-10-25 17:16:08","2025-10-25 17:16:08"
"160","2446","106","Large","515.000",NULL,"0","unlimited","0","2025-10-25 17:16:08","2025-10-25 17:16:08"
"161","2447","107","Regular","252.000",NULL,"0","unlimited","0","2025-10-25 17:20:46","2025-10-25 17:20:46"
"162","2447","107","Medium","400.000",NULL,"0","unlimited","0","2025-10-25 17:20:46","2025-10-25 17:20:46"
"163","2447","107","Large","515.000",NULL,"0","unlimited","0","2025-10-25 17:20:46","2025-10-25 17:20:46"
"164","2448","108","Regular","320.000",NULL,"0","unlimited","0","2025-10-25 17:30:48","2025-10-25 17:30:48"
"165","2448","108","Medium","469.000",NULL,"0","unlimited","0","2025-10-25 17:30:48","2025-10-25 17:30:48"
"166","2448","108","Large","583.000",NULL,"0","unlimited","0","2025-10-25 17:30:48","2025-10-25 17:30:48"
"167","2449","109","Regular","320.000",NULL,"0","unlimited","0","2025-10-25 17:36:09","2025-10-25 17:36:09"
"168","2449","109","Medium","469.000",NULL,"0","unlimited","0","2025-10-25 17:36:09","2025-10-25 17:36:09"
"169","2449","109","Large","583.000",NULL,"0","unlimited","0","2025-10-25 17:36:09","2025-10-25 17:36:09"
"170","2450","110","Regular","343.000",NULL,"0","unlimited","0","2025-10-25 17:40:16","2025-10-25 17:40:16"
"171","2450","110","Medium","503.000",NULL,"0","unlimited","0","2025-10-25 17:40:16","2025-10-25 17:40:16"
"172","2450","110","Large","618.000",NULL,"0","unlimited","0","2025-10-25 17:40:16","2025-10-25 17:40:16"
"173","2494","111","Regular","114.000",NULL,"0","unlimited","0","2025-10-29 11:57:12","2025-10-29 11:57:12"
"174","2494","111","Medium","240.000",NULL,"0","unlimited","0","2025-10-29 11:57:12","2025-10-29 11:57:12"
"175","2494","111","Large","355.000",NULL,"0","unlimited","0","2025-10-29 11:57:12","2025-10-29 11:57:12"
"176","2497","112","Regular","148.000",NULL,"0","unlimited","0","2025-10-29 12:03:35","2025-10-29 12:03:35"
"177","2497","112","Medium","289.000",NULL,"0","unlimited","0","2025-10-29 12:03:35","2025-10-29 12:03:35"
"178","2497","112","Large","398.000",NULL,"0","unlimited","0","2025-10-29 12:03:35","2025-10-29 12:03:35"
"180","2500","113","Regular","148.000",NULL,"0","unlimited","0","2025-10-29 12:14:00","2025-10-29 12:14:00"
"181","2500","113","Medium","289.000",NULL,"0","unlimited","0","2025-10-29 12:14:00","2025-10-29 12:14:00"
"182","2500","113","Large","398.000",NULL,"0","unlimited","0","2025-10-29 12:14:00","2025-10-29 12:14:00"
"184","2504","114","Regular","148.000",NULL,"0","unlimited","0","2025-10-29 12:20:04","2025-10-29 12:20:04"
"185","2504","114","Medium","289.000",NULL,"0","unlimited","0","2025-10-29 12:20:04","2025-10-29 12:20:04"
"186","2504","114","Large","398.000",NULL,"0","unlimited","0","2025-10-29 12:20:04","2025-10-29 12:20:04"
"188","2513","115","Full","173.000",NULL,"0","unlimited","0","2025-10-29 13:03:50","2026-05-22 12:38:17"
"189","2513","115","Half","92.000",NULL,"0","unlimited","0","2025-10-29 13:03:50","2026-05-22 12:38:17"
"190","2514","116","Full","173.000",NULL,"0","unlimited","0","2025-10-29 13:07:35","2026-05-22 12:39:04"
"191","2514","116","Half","92.000",NULL,"0","unlimited","0","2025-10-29 13:07:35","2026-05-22 12:39:04"
"192","2516","117","Full","173.000",NULL,"0","unlimited","0","2025-10-29 13:10:23","2026-05-22 12:39:22"
"193","2516","117","Half","92.000",NULL,"0","unlimited","0","2025-10-29 13:10:23","2026-05-22 12:39:22"
"194","2518","118","Full","173.000",NULL,"0","unlimited","0","2025-10-29 13:13:16","2026-05-22 12:39:39"
"195","2518","118","Half","92.000",NULL,"0","unlimited","0","2025-10-29 13:13:16","2026-05-22 12:39:39"
"196","2521","119","Full","173.000",NULL,"0","unlimited","0","2025-10-29 13:19:54","2026-05-22 12:39:56"
"197","2521","119","Half","92.000",NULL,"0","unlimited","0","2025-10-29 13:19:54","2026-05-22 12:39:56"
"198","2522","120","Full","184.000",NULL,"0","unlimited","0","2025-10-29 13:27:45","2026-05-22 12:40:45"
"199","2522","120","Half","92.000",NULL,"0","unlimited","0","2025-10-29 13:27:45","2026-05-22 12:40:45"
"200","2525","121","Full","184.000",NULL,"0","unlimited","0","2025-10-29 13:33:43","2026-05-22 12:41:06"
"201","2525","121","Half","92.000",NULL,"0","unlimited","0","2025-10-29 13:33:43","2026-05-22 12:41:06"
"202","2538","122","Regular","170.000",NULL,"0","unlimited","0","2025-10-29 15:40:21","2025-10-29 15:40:21"
"203","2538","122","Medium","355.000",NULL,"0","unlimited","0","2025-10-29 15:40:21","2025-10-29 15:40:21"
"204","2538","122","Large","535.000",NULL,"0","unlimited","0","2025-10-29 15:40:21","2025-10-29 15:40:21"
"206","2539","123","Regular","170.000",NULL,"0","unlimited","0","2025-10-29 16:03:08","2025-10-29 16:03:08"
"207","2539","123","Medium","355.000",NULL,"0","unlimited","0","2025-10-29 16:03:08","2025-10-29 16:03:08"
"208","2539","123","Large","535.000",NULL,"0","unlimited","0","2025-10-29 16:03:09","2025-10-29 16:03:09"
"210","2540","124","Regular","170.000",NULL,"0","unlimited","0","2025-10-29 16:10:09","2025-10-29 16:10:09"
"211","2540","124","Medium","355.000",NULL,"0","unlimited","0","2025-10-29 16:10:09","2025-10-29 16:10:09"
"212","2540","124","Large","535.000",NULL,"0","unlimited","0","2025-10-29 16:10:09","2025-10-29 16:10:09"
"214","2541","125","Regular","170.000",NULL,"0","unlimited","0","2025-10-29 18:02:15","2025-10-29 18:02:15"
"215","2541","125","Medium","355.000",NULL,"0","unlimited","0","2025-10-29 18:02:15","2025-10-29 18:02:15"
"216","2541","125","Large","535.000",NULL,"0","unlimited","0","2025-10-29 18:02:15","2025-10-29 18:02:15"
"217","2541","125","Giant","708.000",NULL,"0","unlimited","0","2025-10-29 18:02:15","2025-10-29 18:02:15"
"218","2542","126","Regular","170.000",NULL,"0","unlimited","0","2025-10-29 18:06:11","2025-10-29 18:06:11"
"219","2542","126","Medium","355.000",NULL,"0","unlimited","0","2025-10-29 18:06:11","2025-10-29 18:06:11"
"220","2542","126","Large","535.000",NULL,"0","unlimited","0","2025-10-29 18:06:11","2025-10-29 18:06:11"
"221","2542","126","Giant","708.000",NULL,"0","unlimited","0","2025-10-29 18:06:11","2025-10-29 18:06:11"
"222","2185","8","Large","458.000",NULL,"0","unlimited","0","2025-10-30 14:11:01","2025-10-30 14:11:01"
"227","2556","129","Medium","114.000","100.00","0","unlimited","0","2025-10-30 16:39:02","2025-10-30 16:39:02"
"228","2556","129","Large","240.000","210.00","0","unlimited","0","2025-10-30 16:39:11","2025-10-30 16:39:11"
"231","2558","131","Medium","114.000","100.00","0","unlimited","0","2025-10-31 11:41:26","2025-10-31 14:44:21"
"232","2558","131","Large","255.000","220.00","0","unlimited","0","2025-10-31 11:41:28","2025-10-31 14:44:31"
"233","2560","132","Medium","114.000","100.00","0","unlimited","0","2025-10-31 11:48:31","2025-10-31 14:42:40"
"234","2560","132","Large","265.000","230.00","0","unlimited","0","2025-10-31 11:48:31","2025-10-31 14:42:41"
"235","2561","133","Medium","151.000","130.00","0","unlimited","0","2025-10-31 11:56:57","2025-10-31 14:41:37"
"236","2561","133","Large","276.000","240.00","0","unlimited","0","2025-10-31 11:56:57","2025-10-31 14:41:41"
"237","2563","134","Medium","161.000","140.00","0","unlimited","0","2025-10-31 12:02:09","2025-10-31 14:40:30"
"238","2563","134","Large","286.000","250.00","0","unlimited","0","2025-10-31 12:02:09","2025-10-31 14:40:31"
"239","2564","135","Medium","172.000","150.00","0","unlimited","0","2025-10-31 12:06:16","2025-10-31 14:37:47"
"240","2564","135","Large","311.000","270.00","0","unlimited","0","2025-10-31 12:06:16","2025-10-31 14:37:48"
"241","2565","136","Medium","186.000","160.00","0","unlimited","0","2025-10-31 12:11:18","2025-10-31 14:36:53"
"242","2565","136","Large","311.000","270.00","0","unlimited","0","2025-10-31 12:11:18","2025-10-31 14:36:54"
"243","2566","137","Medium","207.000","180.00","0","unlimited","0","2025-10-31 12:15:45","2025-10-31 14:35:38"
"244","2566","137","Large","332.000","290.00","0","unlimited","0","2025-10-31 12:15:45","2025-10-31 14:35:38"
"245","2567","138","Medium","229.000","200.00","0","unlimited","0","2025-10-31 12:18:36","2025-10-31 14:34:15"
"246","2567","138","Large","343.000","300.00","0","unlimited","0","2025-10-31 12:18:36","2025-10-31 14:34:16"
"247","2568","139","Medium","239.000","210.00","0","unlimited","0","2025-10-31 12:23:37","2025-10-31 14:25:22"
"248","2568","139","Large","369.000","320.00","0","unlimited","0","2025-10-31 12:23:37","2025-10-31 14:25:22"
"249","2569","140","Medium","82.000","70.00","0","unlimited","0","2025-10-31 12:29:05","2025-10-31 14:32:59"
"250","2569","140","Large","103.000","90.00","0","unlimited","0","2025-10-31 12:29:05","2025-10-31 14:32:59"
"251","2570","141","Medium","93.000","80.00","0","unlimited","0","2025-10-31 12:32:12","2025-10-31 14:32:04"
"252","2570","141","Large","103.000","90.00","0","unlimited","0","2025-10-31 12:32:12","2025-10-31 14:32:04"
"253","2571","142","Medium","83.000","89.00","0","unlimited","0","2025-10-31 12:35:32","2025-10-31 12:35:32"
"254","2571","142","Large","104.000","110.00","0","unlimited","0","2025-10-31 12:35:32","2025-10-31 12:35:32"
"255","2572","143","Medium","93.000","80.00","0","unlimited","0","2025-10-31 12:38:24","2025-10-31 14:28:48"
"256","2572","143","Large","114.000","100.00","0","unlimited","0","2025-10-31 12:38:24","2025-10-31 14:28:48"
"257","2573","144","Medium","93.000","80.00","0","unlimited","0","2025-10-31 12:41:10","2025-10-31 14:28:02"
"258","2573","144","Large","114.000","100.00","0","unlimited","0","2025-10-31 12:41:10","2025-10-31 14:28:02"
"259","2574","145","Medium","103.000","90.00","0","unlimited","0","2025-10-31 12:44:06","2025-10-31 14:27:03"
"260","2574","145","Large","140.000","120.00","0","unlimited","0","2025-10-31 12:44:06","2025-10-31 14:27:03"
"261","2575","146","Medium","93.000","80.00","0","unlimited","0","2025-10-31 14:08:41","2025-10-31 14:23:22"
"262","2575","146","Large","114.000","100.00","0","unlimited","0","2025-10-31 14:08:41","2025-10-31 14:23:22"
"263","2576","147","Medium","103.000","90.00","0","unlimited","0","2025-10-31 14:10:58","2025-10-31 14:22:06"
"264","2576","147","Large","140.000","120.00","0","unlimited","0","2025-10-31 14:10:58","2025-10-31 14:22:29"
"265","2577","148","Medium","103.000","90.00","0","unlimited","0","2025-10-31 14:21:20","2025-10-31 14:21:20"
"266","2577","148","Large9-","137.000","120.00","0","unlimited","0","2025-10-31 14:21:20","2025-10-31 14:21:20"
"267","2578","149","8 inch","69.000","60.00","0","unlimited","0","2025-10-31 14:57:54","2025-10-31 14:57:54"
"268","2578","149","10 inch","93.000","80.00","0","unlimited","0","2025-10-31 14:57:54","2025-10-31 14:57:54"
"269","2579","150","8 inch","93.000","80.00","0","unlimited","0","2025-10-31 15:04:49","2025-10-31 15:04:49"
"270","2579","150","10 inch","114.000","100.00","0","unlimited","0","2025-10-31 15:04:49","2025-10-31 15:04:49"
"271","2580","151","8 inch","82.000","70.00","0","unlimited","0","2025-10-31 15:09:29","2025-10-31 15:09:29"
"272","2580","151","10 inch","103.000","90.00","0","unlimited","0","2025-10-31 15:09:29","2025-10-31 15:09:29"
"273","2581","152","8 inch","103.000","90.00","0","unlimited","0","2025-10-31 15:50:23","2025-10-31 15:50:23"
"274","2581","152","10 inch","125.000","110.00","0","unlimited","0","2025-10-31 15:50:23","2025-10-31 15:50:23"
"275","2582","153","8 inch","93.000","80.00","0","unlimited","0","2025-10-31 15:52:58","2025-10-31 15:52:58"
"276","2582","153","10 inch","114.000","100.00","0","unlimited","0","2025-10-31 15:52:58","2025-10-31 15:52:58"
"277","2583","154","8 inch","103.000","90.00","0","unlimited","0","2025-10-31 15:57:56","2025-10-31 15:57:56"
"278","2583","154","10 inch","140.000","120.00","0","unlimited","0","2025-10-31 15:57:56","2025-10-31 15:57:56"
"279","2584","155","Sandwich","68.000","60.00","0","unlimited","0","2025-10-31 16:31:20","2025-10-31 16:31:20"
"280","2584","155","Sandwich Meal","161.000","140.00","0","unlimited","0","2025-10-31 16:31:20","2025-10-31 16:31:20"
"281","2587","156","Sandwich","82.000","70.00","0","unlimited","0","2025-10-31 16:35:10","2025-10-31 16:35:10"
"282","2587","156","Sandwich Meal","172.000","150.00","0","unlimited","0","2025-10-31 16:35:10","2025-10-31 16:35:10"
"283","2589","157","Sandwich","82.000","70.00","0","unlimited","0","2025-10-31 16:38:11","2025-10-31 16:38:11"
"284","2589","157","Sandwich Meal","172.000","150.00","0","unlimited","0","2025-10-31 16:38:11","2025-10-31 16:38:11"
"285","2591","158","Sandwich","82.000","70.00","0","unlimited","0","2025-10-31 16:42:26","2025-10-31 16:42:26"
"286","2591","158","Sandwich Meal","172.000","150.00","0","unlimited","0","2025-10-31 16:42:27","2025-10-31 16:42:27"
"287","2592","159","Sandwich","82.000","70.00","0","unlimited","0","2025-10-31 16:46:35","2025-10-31 16:46:35"
"288","2592","159","Sandwich Meal","172.000","150.00","0","unlimited","0","2025-10-31 16:46:35","2025-10-31 16:46:35"
"289","2593","160","Sandwich","93.000",NULL,"0","unlimited","0","2025-10-31 18:07:10","2025-10-31 18:07:10"
"290","2593","160","Sandwich Meal","186.000",NULL,"0","unlimited","0","2025-10-31 18:07:10","2025-10-31 18:07:10"
"291","2594","161","Sandwich","93.000",NULL,"0","unlimited","0","2025-10-31 18:34:27","2025-10-31 18:34:27"
"292","2594","161","Sandwich Meal","186.000",NULL,"0","unlimited","0","2025-10-31 18:34:27","2025-10-31 18:34:27"
"293","2596","162","Sandwich","82.000",NULL,"0","unlimited","0","2025-10-31 18:43:00","2025-10-31 18:43:00"
"294","2596","162","Sandwich Meal","172.000",NULL,"0","unlimited","0","2025-10-31 18:43:00","2025-10-31 18:43:00"
"295","2602","163","Sandwich","82.000",NULL,"0","unlimited","0","2025-10-31 19:17:07","2025-10-31 19:17:07"
"296","2602","163","Sandwich Meal","172.000",NULL,"0","unlimited","0","2025-10-31 19:17:07","2025-10-31 19:17:07"
"297","2603","164","Sandwich","103.000",NULL,"0","unlimited","0","2025-10-31 19:23:39","2025-10-31 19:23:39"
"298","2603","164","Sandwich Meal","197.000",NULL,"0","unlimited","0","2025-10-31 19:23:39","2025-10-31 19:23:39"
"299","2604","165","Sandwich","140.000",NULL,"0","unlimited","0","2025-10-31 19:29:20","2025-10-31 19:29:20"
"300","2604","165","Sandwich Meal","229.000",NULL,"0","unlimited","0","2025-10-31 19:29:21","2025-10-31 19:29:21"
"301","2607","166","Burger","57.000",NULL,"0","unlimited","0","2025-11-01 13:03:27","2025-11-01 13:03:27"
"302","2607","166","Burger Meal","151.000",NULL,"0","unlimited","0","2025-11-01 13:03:27","2025-11-01 13:03:27"
"303","2608","167","Burger","68.000",NULL,"0","unlimited","0","2025-11-01 13:05:54","2025-11-01 13:05:54"
"304","2608","167","Burger Meal","151.000",NULL,"0","unlimited","0","2025-11-01 13:05:54","2025-11-01 13:05:54"
"305","2609","168","Burger","82.000",NULL,"0","unlimited","0","2025-11-01 13:12:12","2025-11-01 13:12:12"
"306","2609","168","Burger Meal","175.000",NULL,"0","unlimited","0","2025-11-01 13:12:12","2026-02-28 11:53:14"
"307","2610","169","Burger","81.000",NULL,"0","unlimited","0","2025-11-01 14:56:52","2026-01-17 09:18:37"
"308","2610","169","Burger Meal","161.000",NULL,"0","unlimited","0","2025-11-01 14:56:52","2025-11-01 14:56:52"
"309","2611","170","Burger","88.000",NULL,"0","unlimited","0","2025-11-01 15:02:06","2025-11-01 15:02:06"
"310","2611","170","Burger Meal","186.000",NULL,"0","unlimited","0","2025-11-01 15:02:06","2025-11-01 15:02:06"
"311","2612","171","Burger","88.000",NULL,"0","unlimited","0","2025-11-01 15:04:52","2025-11-01 15:04:52"
"312","2612","171","Burger Meal","186.000",NULL,"0","unlimited","0","2025-11-01 15:04:52","2025-11-01 15:04:52"
"313","2613","172","Burger","79.000",NULL,"0","unlimited","0","2025-11-01 15:09:24","2025-11-01 15:09:24"
"314","2613","172","Burger Meal","172.000",NULL,"0","unlimited","0","2025-11-01 15:09:24","2025-11-01 15:09:24"
"315","2614","173","Burger","103.000",NULL,"0","unlimited","0","2025-11-01 15:11:59","2025-11-01 15:11:59"
"316","2614","173","Burger Meal","193.000",NULL,"0","unlimited","0","2025-11-01 15:11:59","2025-11-01 15:15:54"
"317","2615","174","Burger","103.000",NULL,"0","unlimited","0","2025-11-01 15:15:30","2025-11-01 15:15:30"
"318","2615","174","Burger Meal","193.000",NULL,"0","unlimited","0","2025-11-01 15:15:30","2025-11-01 15:15:30"
"319","2616","175","Burger","125.000",NULL,"0","unlimited","0","2025-11-01 15:19:22","2025-11-01 15:19:22"
"320","2616","175","Burger Meal","217.000",NULL,"0","unlimited","0","2025-11-01 15:19:22","2025-11-01 15:19:22"
"321","2617","176","Burger","68.000",NULL,"0","unlimited","0","2025-11-01 15:28:26","2025-11-01 15:28:26"
"322","2617","176","Burger Meal","161.000",NULL,"0","unlimited","0","2025-11-01 15:28:26","2025-11-01 15:28:26"
"323","2618","177","Burger","114.000",NULL,"0","unlimited","0","2025-11-01 15:30:59","2025-11-01 15:30:59"
"324","2618","177","Burger Meal","229.000",NULL,"0","unlimited","0","2025-11-01 15:30:59","2025-11-01 15:30:59"
"325","2619","178","Burger","140.000",NULL,"0","unlimited","0","2025-11-01 15:35:05","2025-11-01 15:35:05"
"326","2619","178","Burger Meal","229.000",NULL,"0","unlimited","0","2025-11-01 15:35:05","2025-11-01 15:35:05"
"327","2266","45","Medium","331.000",NULL,"0","unlimited","0","2025-11-02 15:07:09","2026-04-15 18:18:18"
"328","2621","179","100 ML","57.000",NULL,"0","unlimited","0","2025-11-04 11:15:34","2025-11-04 11:15:34"
"329","2621","179","300 ML","114.000",NULL,"0","unlimited","0","2025-11-04 11:15:34","2025-11-04 11:15:34"
"330","2622","180","100 ML","82.000",NULL,"0","unlimited","0","2025-11-04 11:22:31","2025-11-04 11:22:31"
"331","2622","180","300 ML","172.000",NULL,"0","unlimited","0","2025-11-04 11:22:31","2025-11-04 11:22:31"
"332","2623","181","100 ML","82.000",NULL,"0","unlimited","0","2025-11-04 11:24:29","2025-11-04 11:24:29"
"333","2623","181","300 ML","172.000",NULL,"0","unlimited","0","2025-11-04 11:24:29","2025-11-04 11:24:29"
"334","2624","182","Small","213.000",NULL,"0","unlimited","0","2025-11-06 12:04:48","2025-11-06 12:04:48"
"335","2624","182","Medium","311.000",NULL,"0","unlimited","0","2025-11-06 12:04:48","2025-11-06 12:04:48"
"336","2624","182","Large","446.000",NULL,"0","unlimited","0","2025-11-06 12:04:48","2025-11-06 12:04:48"
"337","2625","183","Small","249.000",NULL,"0","unlimited","0","2025-11-06 12:07:17","2025-11-06 12:07:17"
"338","2625","183","Medium","384.000",NULL,"0","unlimited","0","2025-11-06 12:07:17","2025-11-06 12:07:17"
"339","2625","183","Large","556.000",NULL,"0","unlimited","0","2025-11-06 12:07:17","2025-11-06 12:07:17"
"340","2626","184","Small","249.000",NULL,"0","unlimited","0","2025-11-06 12:09:36","2025-11-06 12:09:36"
"341","2626","184","Medium","384.000",NULL,"0","unlimited","0","2025-11-06 12:09:36","2025-11-06 12:09:36"
"342","2626","184","Large","556.000",NULL,"0","unlimited","0","2025-11-06 12:09:36","2025-11-06 12:09:36"
"343","2627","185","Small","224.000",NULL,"0","unlimited","0","2025-11-06 12:12:16","2025-11-06 12:12:16"
"344","2627","185","Medium","321.000",NULL,"0","unlimited","0","2025-11-06 12:12:16","2025-11-06 12:12:16"
"345","2627","185","Large","458.000",NULL,"0","unlimited","0","2025-11-06 12:12:16","2025-11-06 12:12:16"
"346","2628","186","Small","249.000",NULL,"0","unlimited","0","2025-11-06 12:14:38","2025-11-06 12:14:38"
"347","2628","186","Medium","384.000",NULL,"0","unlimited","0","2025-11-06 12:14:38","2025-11-06 12:14:38"
"348","2628","186","Large","530.000",NULL,"0","unlimited","0","2025-11-06 12:14:38","2025-11-06 12:14:38"
"349","2629","187","Medium","432.000",NULL,"0","unlimited","0","2025-11-06 12:19:43","2025-11-06 12:19:43"
"350","2629","187","Large","608.000",NULL,"0","unlimited","0","2025-11-06 12:19:43","2025-11-06 12:19:43"
"351","2631","188","Small","151.000",NULL,"0","unlimited","0","2025-11-06 12:24:08","2025-11-06 12:24:08"
"352","2631","188","Medium","224.000",NULL,"0","unlimited","0","2025-11-06 12:24:08","2025-11-06 12:24:08"
"353","2631","188","Large","348.000",NULL,"0","unlimited","0","2025-11-06 12:24:08","2025-11-06 12:24:08"
"354","2632","189","Small","176.000",NULL,"0","unlimited","0","2025-11-06 12:26:33","2025-11-06 12:26:33"
"355","2632","189","Medium","259.000",NULL,"0","unlimited","0","2025-11-06 12:26:33","2025-11-06 12:26:33"
"356","2632","189","Large","359.000",NULL,"0","unlimited","0","2025-11-06 12:26:33","2025-11-06 12:26:33"
"357","2633","190","Small","186.000",NULL,"0","unlimited","0","2025-11-06 12:31:03","2025-11-06 12:31:03"
"358","2633","190","Medium","286.000",NULL,"0","unlimited","0","2025-11-06 12:31:03","2025-11-06 12:31:03"
"359","2633","190","Large","421.000",NULL,"0","unlimited","0","2025-11-06 12:31:03","2025-11-06 12:31:03"
"360","2634","191","Small","186.000",NULL,"0","unlimited","0","2025-11-06 12:34:10","2025-11-06 12:34:10"
"361","2634","191","Medium","286.000",NULL,"0","unlimited","0","2025-11-06 12:34:10","2025-11-06 12:34:10"
"362","2634","191","Large","395.000",NULL,"0","unlimited","0","2025-11-06 12:34:10","2025-11-06 12:34:10"
"363","2635","192","Small","186.000",NULL,"0","unlimited","0","2025-11-06 12:37:25","2025-11-06 12:37:25"
"364","2635","192","Medium","286.000",NULL,"0","unlimited","0","2025-11-06 12:37:25","2025-11-06 12:37:25"
"365","2635","192","Large","421.000",NULL,"0","unlimited","0","2025-11-06 12:37:25","2025-11-06 12:37:25"
"371","2268","37","Medium","386.000",NULL,"0","unlimited","0","2025-11-18 15:10:01","2026-04-15 18:28:24"
"372","2769","195","Regular","217.000",NULL,"0","unlimited","0","2025-11-19 11:49:44","2025-11-19 11:49:44"
"373","2769","195","Medium","436.000",NULL,"0","unlimited","0","2025-11-19 11:49:44","2025-11-19 11:49:44"
"374","2770","196","Regular","255.000",NULL,"0","unlimited","0","2025-11-19 11:53:57","2025-11-19 11:53:57"
"375","2770","196","Medium","509.000",NULL,"0","unlimited","0","2025-11-19 11:53:57","2025-11-19 11:53:57"
"376","2771","197","Regular","265.000",NULL,"0","unlimited","0","2025-11-19 11:57:32","2025-11-19 11:57:32"
"377","2771","197","Medium","515.000",NULL,"0","unlimited","0","2025-11-19 11:57:32","2025-11-19 11:57:32"
"378","2772","198","Regular","311.000",NULL,"0","unlimited","0","2025-11-19 11:59:55","2025-11-19 11:59:55"
"379","2772","198","Medium","598.000",NULL,"0","unlimited","0","2025-11-19 11:59:55","2025-11-19 11:59:55"
"380","2773","199","Regular","332.000",NULL,"0","unlimited","0","2025-11-19 12:02:33","2025-11-19 12:02:33"
"381","2773","199","Medium","629.000",NULL,"0","unlimited","0","2025-11-19 12:02:33","2025-11-19 12:02:33"
"382","2777","200","Regular","113.000",NULL,"0","unlimited","0","2025-11-27 13:09:18","2025-11-27 13:09:18"
"383","2777","200","Medium","228.000",NULL,"0","unlimited","0","2025-11-27 13:09:18","2025-11-27 13:09:18"
"384","2777","200","Large","342.000",NULL,"0","unlimited","0","2025-11-27 13:09:18","2025-11-27 13:09:18"
"385","2778","201","Regular","130.000",NULL,"0","unlimited","0","2025-11-27 13:13:29","2025-11-27 13:13:29"
"386","2778","201","Medium","255.000",NULL,"0","unlimited","0","2025-11-27 13:13:29","2025-11-27 13:13:29"
"387","2778","201","Large","457.000",NULL,"0","unlimited","0","2025-11-27 13:13:29","2025-11-27 13:13:29"
"388","2779","202","Regular","172.000",NULL,"0","unlimited","0","2025-11-27 13:19:33","2025-11-27 13:19:33"
"389","2779","202","Medium","342.000",NULL,"0","unlimited","0","2025-11-27 13:19:33","2025-11-27 13:19:33"
"390","2779","202","Large","457.000",NULL,"0","unlimited","0","2025-11-27 13:19:33","2025-11-27 13:19:33"
"391","2780","203","Regular","172.000",NULL,"0","unlimited","0","2025-11-27 13:24:12","2025-11-27 13:24:12"
"392","2780","203","Medium","342.000",NULL,"0","unlimited","0","2025-11-27 13:24:12","2025-11-27 13:24:12"
"393","2780","203","Large","457.000",NULL,"0","unlimited","0","2025-11-27 13:24:12","2025-11-27 13:24:12"
"394","2781","204","Regular","172.000",NULL,"0","unlimited","0","2025-11-27 13:30:03","2025-11-27 13:30:03"
"395","2781","204","Medium","342.000",NULL,"0","unlimited","0","2025-11-27 13:30:03","2025-11-27 13:30:03"
"396","2781","204","Large","457.000",NULL,"0","unlimited","0","2025-11-27 13:30:03","2025-11-27 13:30:03"
"397","2782","205","Regular","197.000",NULL,"0","unlimited","0","2025-11-27 13:35:17","2025-11-27 13:35:17"
"398","2782","205","Medium","400.000",NULL,"0","unlimited","0","2025-11-27 13:35:17","2025-11-27 13:35:17"
"399","2782","205","Large","571.000",NULL,"0","unlimited","0","2025-11-27 13:35:17","2025-11-27 13:35:17"
"400","2783","206","Regular","192.000",NULL,"0","unlimited","0","2025-11-27 13:39:50","2025-11-27 13:39:50"
"401","2783","206","Medium","400.000",NULL,"0","unlimited","0","2025-11-27 13:39:50","2025-11-27 13:39:50"
"402","2783","206","Large","515.000",NULL,"0","unlimited","0","2025-11-27 13:39:50","2025-11-27 13:39:50"
"403","2784","207","Regular","192.000",NULL,"0","unlimited","0","2025-11-27 13:43:09","2025-11-27 13:43:09"
"404","2784","207","Medium","400.000",NULL,"0","unlimited","0","2025-11-27 13:43:09","2025-11-27 13:43:09"
"405","2784","207","Large","515.000",NULL,"0","unlimited","0","2025-11-27 13:43:09","2025-11-27 13:43:09"
"406","2785","208","Regular","207.000",NULL,"0","unlimited","0","2025-11-27 13:46:20","2025-11-27 13:46:20"
"407","2785","208","Medium","436.000",NULL,"0","unlimited","0","2025-11-27 13:46:20","2025-11-27 13:46:20"
"408","2785","208","Large","619.000",NULL,"0","unlimited","0","2025-11-27 13:46:20","2025-11-27 13:46:20"
"409","2786","209","Regular","228.000",NULL,"0","unlimited","0","2025-11-27 13:51:44","2025-11-27 13:51:44"
"410","2786","209","Medium","436.000",NULL,"0","unlimited","0","2025-11-27 13:51:44","2025-11-27 13:51:44"
"411","2786","209","Large","629.000",NULL,"0","unlimited","0","2025-11-27 13:51:44","2025-11-27 13:51:44"
"412","2800","210","Burger","47.000",NULL,"0","unlimited","0","2025-12-01 17:56:13","2025-12-01 17:56:13"
"413","2800","210","Burger Meal","140.000",NULL,"0","unlimited","0","2025-12-01 17:56:13","2025-12-01 17:56:13"
"414","2801","211","Burger","57.000",NULL,"0","unlimited","0","2025-12-01 18:07:35","2025-12-01 18:07:35"
"415","2801","211","Burger Meal","151.000",NULL,"0","unlimited","0","2025-12-01 18:07:35","2025-12-01 18:07:35"
"416","2802","212","Burger","62.000",NULL,"0","unlimited","0","2025-12-01 18:19:31","2025-12-01 18:19:31"
"417","2802","212","Burger Meal","155.000",NULL,"0","unlimited","0","2025-12-01 18:19:31","2025-12-01 18:19:31"
"418","2803","213","Burger","78.000",NULL,"0","unlimited","0","2025-12-01 18:23:33","2025-12-01 18:23:33"
"419","2803","213","Burger Meal","165.000",NULL,"0","unlimited","0","2025-12-01 18:23:33","2025-12-01 18:23:33"
"420","2804","214","Burger","78.000",NULL,"0","unlimited","0","2025-12-01 18:30:12","2025-12-01 18:30:12"
"421","2804","214","Burger Meal","165.000",NULL,"0","unlimited","0","2025-12-01 18:30:12","2025-12-01 18:30:12"
"422","2805","215","Burger","78.000",NULL,"0","unlimited","0","2025-12-01 18:37:06","2025-12-01 18:37:06"
"423","2805","215","Burger Meal","172.000",NULL,"0","unlimited","0","2025-12-01 18:37:06","2025-12-01 18:37:06"
"424","2806","216","Burger","78.000",NULL,"0","unlimited","0","2025-12-01 18:41:40","2025-12-01 18:41:40"
"425","2806","216","Burger Meal","172.000",NULL,"0","unlimited","0","2025-12-01 18:41:40","2025-12-01 18:41:40"
"426","2807","217","Burger","93.000",NULL,"0","unlimited","0","2025-12-01 18:56:01","2025-12-01 18:56:01"
"427","2807","217","Burger Meal","182.000",NULL,"0","unlimited","0","2025-12-01 18:56:01","2025-12-01 18:56:01"
"428","2808","218","Burger","113.000",NULL,"0","unlimited","0","2025-12-01 18:59:40","2025-12-01 18:59:40"
"429","2808","218","Burger Meal","207.000",NULL,"0","unlimited","0","2025-12-01 18:59:40","2025-12-01 18:59:40"
"430","2809","219","Burger","130.000",NULL,"0","unlimited","0","2025-12-01 19:05:26","2025-12-01 19:05:26"
"431","2809","219","Burger Meal","217.000",NULL,"0","unlimited","0","2025-12-01 19:05:26","2025-12-01 19:05:26"
"432","2810","220","Sandwich","57.000",NULL,"0","unlimited","0","2025-12-01 19:11:35","2025-12-01 19:11:35"
"433","2810","220","Sandwich Meal","161.000",NULL,"0","unlimited","0","2025-12-01 19:11:35","2025-12-01 19:11:35"
"434","2811","221","Sandwich","68.000",NULL,"0","unlimited","0","2025-12-01 19:15:49","2025-12-01 19:15:49"
"435","2811","221","Sandwich Meal","172.000",NULL,"0","unlimited","0","2025-12-01 19:15:49","2025-12-01 19:15:49"
"436","2812","222","Sandwich","78.000",NULL,"0","unlimited","0","2025-12-01 19:20:17","2025-12-01 19:20:17"
"437","2812","222","Sandwich Meal","182.000",NULL,"0","unlimited","0","2025-12-01 19:20:17","2025-12-01 19:20:17"
"438","2813","223","Sandwich","78.000",NULL,"0","unlimited","0","2025-12-01 19:25:24","2025-12-01 19:25:24"
"439","2813","223","Sandwich Meal","182.000",NULL,"0","unlimited","0","2025-12-01 19:25:24","2025-12-01 19:25:24"
"440","2814","224","Sandwich","93.000",NULL,"0","unlimited","0","2025-12-01 19:30:06","2025-12-01 19:30:06"
"441","2814","224","Sandwich Meal","192.000",NULL,"0","unlimited","0","2025-12-01 19:30:06","2025-12-01 19:30:06"
"442","2815","225","Sandwich","113.000",NULL,"0","unlimited","0","2025-12-01 19:34:09","2025-12-01 19:34:09"
"443","2815","225","Sandwich Meal","217.000",NULL,"0","unlimited","0","2025-12-01 19:34:09","2025-12-01 19:34:09"
"444","2291","76","250 GMS","69.000",NULL,"0","unlimited","0","2025-12-02 12:36:12","2025-12-02 12:36:12"
"445","2817","226","Allo Tikki Wrap","68.000",NULL,"0","unlimited","0","2025-12-02 16:38:40","2025-12-02 16:38:40"
"446","2817","226","Wrap Meal","172.000",NULL,"0","unlimited","0","2025-12-02 16:38:40","2025-12-02 16:38:40"
"447","2818","227","Veg Wrap","78.000",NULL,"0","unlimited","0","2025-12-02 16:42:42","2025-12-02 16:42:42"
"448","2818","227","Wrap Meal","182.000",NULL,"0","unlimited","0","2025-12-02 16:42:42","2025-12-02 16:42:42"
"449","2819","228","Corn Chesse Wrap","93.000",NULL,"0","unlimited","0","2025-12-02 16:48:09","2025-12-02 16:48:09"
"450","2819","228","Wrap Meal","197.000",NULL,"0","unlimited","0","2025-12-02 16:48:09","2025-12-02 16:48:09"
"451","2820","229","Paneer Wrap","93.000",NULL,"0","unlimited","0","2025-12-02 17:00:28","2025-12-02 17:00:28"
"452","2820","229","Wrap Meal","197.000",NULL,"0","unlimited","0","2025-12-02 17:00:28","2025-12-02 17:00:28"
"453","927","230","pav bhaji","113.000",NULL,"0","unlimited","0","2025-12-08 15:21:13","2025-12-08 15:21:13"
"454","927","230","Extra Pav","26.000",NULL,"0","unlimited","0","2025-12-08 15:21:13","2025-12-08 15:21:13"
"455","2901","231","Quater","286.000",NULL,"0","unlimited","0","2025-12-17 19:20:57","2025-12-17 19:20:57"
"456","2901","231","Half","572.000",NULL,"0","unlimited","0","2025-12-17 19:20:57","2025-12-17 19:20:57"
"457","2901","231","Full","1144.000",NULL,"0","unlimited","0","2025-12-17 19:20:57","2025-12-17 19:20:57"
"458","2197","18","Medium","420.000",NULL,"0","unlimited","0","2025-12-21 17:59:51","2026-04-15 18:30:14"
"459","2257","35","Large","259.000",NULL,"0","unlimited","0","2025-12-21 18:03:33","2026-04-15 18:11:51"
"460","2265","43","Medium","259.000",NULL,"0","unlimited","0","2025-12-21 18:04:53","2026-04-15 18:14:53"
"461","2267","47","Medium","345.000",NULL,"0","unlimited","0","2025-12-21 18:09:28","2026-04-15 18:23:09"
"462","2269","39","Medium","225.000",NULL,"0","unlimited","0","2025-12-21 18:10:53","2026-04-15 18:09:21"
"463","2270","46","Medium","345.000",NULL,"0","unlimited","0","2025-12-21 18:12:19","2026-04-15 18:21:11"
"464","2272","53","Medium","443.000",NULL,"0","unlimited","0","2025-12-21 18:13:45","2026-04-15 18:31:51"
"465","2275","57","Medium","363.000",NULL,"0","unlimited","0","2025-12-21 18:15:29","2026-04-15 18:03:38"
"467","2906","232","Small","57.000",NULL,"0","unlimited","0","2025-12-29 19:16:02","2025-12-29 19:16:02"
"468","2906","232","Medium","82.000",NULL,"0","unlimited","0","2025-12-29 19:16:02","2025-12-29 19:16:02"
"469","2906","232","Large","103.000",NULL,"0","unlimited","0","2025-12-29 19:16:02","2025-12-29 19:16:02"
"470","2907","233","small","57.000",NULL,"0","unlimited","0","2025-12-29 19:23:24","2025-12-29 19:23:24"
"471","2907","233","Medium","82.000",NULL,"0","unlimited","0","2025-12-29 19:23:24","2025-12-29 19:23:24"
"472","2907","233","Large","103.000",NULL,"0","unlimited","0","2025-12-29 19:23:24","2025-12-29 19:23:24"
"473","2908","234","Small","72.000",NULL,"0","unlimited","0","2025-12-29 19:28:31","2026-02-17 15:09:22"
"474","2908","234","Medium","93.000",NULL,"0","unlimited","0","2025-12-29 19:28:31","2026-02-17 15:09:22"
"475","2908","234","Large","114.000",NULL,"0","unlimited","0","2025-12-29 19:28:31","2026-02-17 15:09:22"
"476","2909","235","Small","72.000",NULL,"0","unlimited","0","2025-12-29 19:37:30","2026-02-17 15:08:30"
"477","2909","235","Medium","93.000",NULL,"0","unlimited","0","2025-12-29 19:37:30","2026-02-17 15:08:30"
"478","2909","235","Large","114.000",NULL,"0","unlimited","0","2025-12-29 19:37:30","2026-02-17 15:08:30"
"479","2910","236","Small","72.000",NULL,"0","unlimited","0","2025-12-29 19:41:58","2026-02-17 15:07:35"
"480","2910","236","Medium","93.000",NULL,"0","unlimited","0","2025-12-29 19:41:58","2026-02-17 15:07:35"
"481","2910","236","Large","114.000",NULL,"0","unlimited","0","2025-12-29 19:41:58","2026-02-17 15:07:35"
"482","2911","237","Small","72.000",NULL,"0","unlimited","0","2025-12-29 19:46:14","2026-02-17 15:06:38"
"483","2911","237","Medium","93.000",NULL,"0","unlimited","0","2025-12-29 19:46:14","2026-02-17 15:06:38"
"484","2911","237","Large","114.000",NULL,"0","unlimited","0","2025-12-29 19:46:14","2026-02-17 15:06:38"
"485","2912","238","Small","72.000",NULL,"0","unlimited","0","2025-12-29 19:53:07","2026-02-17 15:04:23"
"486","2912","238","Medium","93.000",NULL,"0","unlimited","0","2025-12-29 19:53:07","2026-02-17 15:04:23"
"487","2912","238","Large","114.000",NULL,"0","unlimited","0","2025-12-29 19:53:07","2026-02-17 15:04:23"
"488","2913","239","Small","82.000",NULL,"0","unlimited","0","2025-12-29 19:57:26","2026-02-17 15:01:56"
"489","2913","239","Medium","103.000",NULL,"0","unlimited","0","2025-12-29 19:57:26","2026-02-17 15:01:56"
"490","2913","239","Large","130.000",NULL,"0","unlimited","0","2025-12-29 19:57:26","2026-02-17 15:01:56"
"491","2914","240","Small","82.000",NULL,"0","unlimited","0","2026-01-01 15:36:46","2026-01-01 15:36:46"
"492","2914","240","Medium","114.000",NULL,"0","unlimited","0","2026-01-01 15:36:46","2026-01-01 15:36:46"
"493","2914","240","Large","151.000",NULL,"0","unlimited","0","2026-01-01 15:36:46","2026-01-01 15:36:46"
"494","2915","241","Small","82.000",NULL,"0","unlimited","0","2026-01-01 15:52:21","2026-01-01 15:52:21"
"495","2915","241","Medium","114.000",NULL,"0","unlimited","0","2026-01-01 15:52:21","2026-01-01 15:52:21"
"496","2915","241","Large","151.000",NULL,"0","unlimited","0","2026-01-01 15:52:21","2026-01-01 15:52:21"
"497","2916","242","small","114.000",NULL,"0","unlimited","0","2026-01-01 16:05:40","2026-02-17 15:29:09"
"499","2917","243","Small","72.000",NULL,"0","unlimited","0","2026-01-01 16:14:36","2026-02-17 14:58:05"
"500","2917","243","Medium","93.000",NULL,"0","unlimited","0","2026-01-01 16:14:36","2026-02-17 14:58:05"
"501","2917","243","Large","114.000",NULL,"0","unlimited","0","2026-01-01 16:14:36","2026-02-17 14:58:05"
"502","2918","244","Small","72.000",NULL,"0","unlimited","0","2026-01-01 16:30:32","2026-02-17 14:59:57"
"503","2918","244","Medium","93.000",NULL,"0","unlimited","0","2026-01-01 16:30:32","2026-02-17 14:59:57"
"504","2918","244","Large","114.000",NULL,"0","unlimited","0","2026-01-01 16:30:32","2026-02-17 14:59:57"
"511","2921","247","Small","57.000",NULL,"0","unlimited","0","2026-01-01 16:59:17","2026-02-17 14:49:05"
"512","2921","247","Medium","82.000",NULL,"0","unlimited","0","2026-01-01 16:59:17","2026-02-17 14:49:05"
"513","2921","247","Large","103.000",NULL,"0","unlimited","0","2026-01-01 16:59:17","2026-02-17 14:49:05"
"514","2922","248","Small","72.000",NULL,"0","unlimited","0","2026-01-02 13:15:19","2026-01-02 13:15:19"
"515","2922","248","Medium","93.000",NULL,"0","unlimited","0","2026-01-02 13:15:19","2026-01-02 13:15:19"
"516","2922","248","Large","114.000",NULL,"0","unlimited","0","2026-01-02 13:15:19","2026-01-02 13:15:19"
"517","3005","249","Small","161.000",NULL,"0","unlimited","0","2026-01-09 14:43:37","2026-01-09 14:43:37"
"518","3005","249","Medium","355.000",NULL,"0","unlimited","0","2026-01-09 14:43:37","2026-01-09 14:43:37"
"519","3005","249","Large","469.000",NULL,"0","unlimited","0","2026-01-09 14:43:37","2026-01-09 14:43:37"
"520","3006","250","Small","172.000",NULL,"0","unlimited","0","2026-01-09 14:55:50","2026-01-09 14:55:50"
"521","3006","250","Medium","355.000",NULL,"0","unlimited","0","2026-01-09 14:55:50","2026-01-09 14:55:50"
"522","3006","250","Large","469.000",NULL,"0","unlimited","0","2026-01-09 14:55:50","2026-01-09 14:55:50"
"523","3007","251","Small","172.000",NULL,"0","unlimited","0","2026-01-09 15:01:04","2026-01-09 15:01:04"
"524","3007","251","Medium","355.000",NULL,"0","unlimited","0","2026-01-09 15:01:04","2026-01-09 15:01:04"
"525","3007","251","Large","469.000",NULL,"0","unlimited","0","2026-01-09 15:01:04","2026-01-09 15:01:04"
"526","3008","252","Small","172.000",NULL,"0","unlimited","0","2026-01-09 15:06:38","2026-01-09 15:06:38"
"527","3008","252","Medium","355.000",NULL,"0","unlimited","0","2026-01-09 15:06:38","2026-01-09 15:06:38"
"528","3008","252","Large","469.000",NULL,"0","unlimited","0","2026-01-09 15:06:38","2026-01-09 15:06:38"
"529","3009","253","Small","207.000",NULL,"0","unlimited","0","2026-01-09 15:18:40","2026-01-09 15:18:40"
"530","3009","253","Medium","446.000",NULL,"0","unlimited","0","2026-01-09 15:18:40","2026-01-09 15:18:40"
"531","3009","253","Large","561.000",NULL,"0","unlimited","0","2026-01-09 15:18:40","2026-01-09 15:18:40"
"532","3010","254","Small","207.000",NULL,"0","unlimited","0","2026-01-09 15:22:41","2026-01-09 15:22:41"
"533","3010","254","Medium","446.000",NULL,"0","unlimited","0","2026-01-09 15:22:41","2026-01-09 15:22:41"
"534","3010","254","Large","561.000",NULL,"0","unlimited","0","2026-01-09 15:22:41","2026-01-09 15:22:41"
"535","3011","255","Small","207.000",NULL,"0","unlimited","0","2026-01-09 15:27:16","2026-01-09 15:27:16"
"536","3011","255","Medium","446.000",NULL,"0","unlimited","0","2026-01-09 15:27:16","2026-01-09 15:27:16"
"537","3011","255","Large","561.000",NULL,"0","unlimited","0","2026-01-09 15:27:16","2026-01-09 15:27:16"
"538","3012","256","Small","218.000",NULL,"0","unlimited","0","2026-01-09 15:31:03","2026-01-09 15:31:03"
"539","3012","256","Medium","446.000",NULL,"0","unlimited","0","2026-01-09 15:31:03","2026-01-09 15:31:03"
"540","3012","256","Large","561.000",NULL,"0","unlimited","0","2026-01-09 15:31:03","2026-01-09 15:31:03"
"541","3013","257","Small","229.000",NULL,"0","unlimited","0","2026-01-09 15:37:44","2026-01-09 15:37:44"
"542","3013","257","Medium","469.000",NULL,"0","unlimited","0","2026-01-09 15:37:44","2026-01-09 15:37:44"
"543","3013","257","Large","594.000",NULL,"0","unlimited","0","2026-01-09 15:37:44","2026-01-09 15:37:44"
"544","3014","258","Small","229.000",NULL,"0","unlimited","0","2026-01-09 15:50:17","2026-01-09 15:50:17"
"545","3014","258","Medium","469.000",NULL,"0","unlimited","0","2026-01-09 15:50:17","2026-01-09 15:50:17"
"546","3014","258","Large","594.000",NULL,"0","unlimited","0","2026-01-09 15:50:17","2026-01-09 15:50:17"
"547","3015","259","Small","229.000",NULL,"0","unlimited","0","2026-01-09 15:54:20","2026-01-09 15:54:20"
"548","3015","259","Medium","469.000",NULL,"0","unlimited","0","2026-01-09 15:54:20","2026-01-09 15:54:20"
"549","3015","259","Large","594.000",NULL,"0","unlimited","0","2026-01-09 15:54:20","2026-01-09 15:54:20"
"550","3016","260","Small","229.000",NULL,"0","unlimited","0","2026-01-09 16:31:25","2026-01-09 16:31:25"
"551","3016","260","Medium","469.000",NULL,"0","unlimited","0","2026-01-09 16:31:25","2026-01-09 16:31:25"
"552","3016","260","Large","594.000",NULL,"0","unlimited","0","2026-01-09 16:31:25","2026-01-09 16:31:25"
"553","3054","261","Half","42.000",NULL,"0","unlimited","0","2026-01-12 14:39:25","2026-01-12 14:39:25"
"554","3054","261","Full","73.000",NULL,"0","unlimited","0","2026-01-12 14:39:25","2026-01-12 14:39:25"
"556","3091","262","Regular","156.000",NULL,"0","unlimited","0","2026-01-20 12:35:10","2026-01-31 14:13:40"
"560","3091","262","Medium","260.000",NULL,"0","unlimited","0","2026-01-20 12:42:51","2026-01-31 14:13:40"
"561","3091","262","Large","343.000",NULL,"0","unlimited","0","2026-01-20 12:42:51","2026-01-31 14:13:58"
"562","3090","264","Regular","156.000",NULL,"0","unlimited","0","2026-01-20 12:49:03","2026-01-31 14:14:43"
"563","3090","264","Medium","260.000",NULL,"0","unlimited","0","2026-01-20 12:49:03","2026-01-31 14:14:43"
"564","3090","264","Large","343.000",NULL,"0","unlimited","0","2026-01-20 12:49:03","2026-01-31 14:14:43"
"565","2716","265","Small","69.000",NULL,"0","unlimited","0","2026-01-28 14:21:21","2026-04-04 20:15:40"
"566","2716","265","Medium","92.000",NULL,"0","unlimited","0","2026-01-28 14:21:21","2026-04-04 20:15:40"
"567","2716","265","Large","115.000",NULL,"0","unlimited","0","2026-01-28 14:21:21","2026-05-22 12:09:38"
"568","3108","266","Regular","166.000",NULL,"0","unlimited","0","2026-01-31 14:02:16","2026-01-31 14:11:55"
"569","3108","266","Medium","281.000",NULL,"0","unlimited","0","2026-01-31 14:02:16","2026-01-31 14:11:55"
"570","3108","266","Large","385.000",NULL,"0","unlimited","0","2026-01-31 14:02:16","2026-01-31 14:11:55"
"571","3109","267","Regular","177.000",NULL,"0","unlimited","0","2026-01-31 14:11:12","2026-01-31 14:11:12"
"572","3109","267","Medium","281.000",NULL,"0","unlimited","0","2026-01-31 14:11:12","2026-01-31 14:11:12"
"573","3109","267","Large","395.000",NULL,"0","unlimited","0","2026-01-31 14:11:12","2026-01-31 14:11:12"
"576","2321","269","Small","42.000",NULL,"0","unlimited","0","2026-02-10 12:22:48","2026-02-10 12:22:48"
"577","2321","269","Medium","52.000",NULL,"0","unlimited","0","2026-02-10 12:22:48","2026-02-10 12:22:48"
"578","2321","269","Large","83.000",NULL,"0","unlimited","0","2026-02-10 12:22:48","2026-02-10 12:22:48"
"579","2326","94","Large","92.000",NULL,"0","unlimited","0","2026-02-10 12:31:38","2026-02-10 12:31:38"
"580","2689","270","Small","42.000",NULL,"0","unlimited","0","2026-02-10 12:35:17","2026-02-10 12:35:17"
"581","2689","270","Medium","52.000",NULL,"0","unlimited","0","2026-02-10 12:35:17","2026-02-10 12:35:17"
"582","2689","270","Large","83.000",NULL,"0","unlimited","0","2026-02-10 12:35:17","2026-02-10 12:35:17"
"583","2692","271","Small","47.000",NULL,"0","unlimited","0","2026-02-10 12:45:40","2026-02-10 12:45:40"
"584","2692","271","Medium","57.000",NULL,"0","unlimited","0","2026-02-10 12:45:40","2026-02-10 12:45:40"
"585","2692","271","Large","92.000",NULL,"0","unlimited","0","2026-02-10 12:45:40","2026-02-10 12:45:40"
"586","2698","272","Small","52.000",NULL,"0","unlimited","0","2026-02-10 12:54:31","2026-02-10 12:54:31"
"587","2698","272","Medium","78.000",NULL,"0","unlimited","0","2026-02-10 12:54:31","2026-02-10 12:54:31"
"588","2698","272","Large","114.000",NULL,"0","unlimited","0","2026-02-10 12:54:31","2026-02-10 12:54:31"
"589","3166","273","Small","114.000",NULL,"0","unlimited","0","2026-02-10 17:39:55","2026-02-10 17:39:55"
"590","3166","273","Medium","229.000",NULL,"0","unlimited","0","2026-02-10 17:39:55","2026-02-10 17:39:55"
"591","3166","273","Large","436.000",NULL,"0","unlimited","0","2026-02-10 17:39:55","2026-02-10 17:39:55"
"592","3167","274","Small","151.000",NULL,"0","unlimited","0","2026-02-10 17:46:42","2026-02-10 17:46:42"
"593","3167","274","Medium","255.000",NULL,"0","unlimited","0","2026-02-10 17:46:42","2026-02-10 17:46:42"
"594","3167","274","Large","504.000",NULL,"0","unlimited","0","2026-02-10 17:46:42","2026-02-10 17:46:42"
"595","3168","275","Small","172.000",NULL,"0","unlimited","0","2026-02-10 17:53:59","2026-02-10 17:53:59"
"596","3168","275","Medium","286.000",NULL,"0","unlimited","0","2026-02-10 17:53:59","2026-02-10 17:53:59"
"597","3168","275","Large","515.000",NULL,"0","unlimited","0","2026-02-10 17:53:59","2026-02-10 17:53:59"
"598","2916","242","Large","172.000",NULL,"0","unlimited","0","2026-02-17 14:53:50","2026-02-17 15:29:09"
"599","3170","276","Small","114.000",NULL,"0","unlimited","0","2026-02-17 15:50:44","2026-02-17 15:50:44"
"600","3170","276","Medium","172.000",NULL,"0","unlimited","0","2026-02-17 15:50:44","2026-02-17 15:50:44"
"601","3170","276","Large","229.000",NULL,"0","unlimited","0","2026-02-17 15:50:44","2026-02-17 15:50:44"
"602","3171","277","small","172.000",NULL,"0","unlimited","0","2026-02-17 15:58:31","2026-02-17 15:58:31"
"603","3171","277","Large","286.000",NULL,"0","unlimited","0","2026-02-17 15:58:31","2026-02-17 15:58:31"
"604","3172","278","Small","172.000",NULL,"0","unlimited","0","2026-02-17 16:34:54","2026-02-17 16:34:54"
"605","3172","278","Medium","286.000",NULL,"0","unlimited","0","2026-02-17 16:34:54","2026-02-17 16:34:54"
"606","3172","278","Large","515.000",NULL,"0","unlimited","0","2026-02-17 16:34:54","2026-02-17 16:34:54"
"607","3173","279","Small","186.000",NULL,"0","unlimited","0","2026-02-17 16:42:22","2026-02-17 16:42:22"
"608","3173","279","Medium","301.000",NULL,"0","unlimited","0","2026-02-17 16:42:22","2026-02-17 16:42:22"
"609","3173","279","Large","550.000",NULL,"0","unlimited","0","2026-02-17 16:42:22","2026-02-17 16:42:22"
"610","3174","280","Small","207.000",NULL,"0","unlimited","0","2026-02-17 16:51:22","2026-02-17 16:51:22"
"611","3174","280","Medium","321.000",NULL,"0","unlimited","0","2026-02-17 16:51:22","2026-02-17 16:51:22"
"612","3174","280","Large","572.000",NULL,"0","unlimited","0","2026-02-17 16:51:22","2026-02-17 16:51:22"
"613","3175","281","Small","197.000",NULL,"0","unlimited","0","2026-02-17 17:07:07","2026-02-17 17:07:07"
"614","3175","281","Medium","311.000",NULL,"0","unlimited","0","2026-02-17 17:07:07","2026-02-17 17:07:07"
"615","3175","281","Large","572.000",NULL,"0","unlimited","0","2026-02-17 17:07:07","2026-02-17 17:07:07"
"616","3176","282","Small","207.000",NULL,"0","unlimited","0","2026-02-17 17:10:32","2026-02-17 17:10:32"
"617","3176","282","Medium","343.000",NULL,"0","unlimited","0","2026-02-17 17:10:32","2026-02-17 17:10:32"
"618","3176","282","Large","572.000",NULL,"0","unlimited","0","2026-02-17 17:10:32","2026-02-17 17:10:32"
"619","3177","283","Half","229.000",NULL,"0","unlimited","0","2026-02-27 14:08:09","2026-02-27 14:08:09"
"620","3177","283","Full","459.000",NULL,"0","unlimited","0","2026-02-27 14:08:09","2026-02-27 14:08:09"
"621","3178","284","Half","285.000",NULL,"0","unlimited","0","2026-02-28 10:41:34","2026-02-28 10:41:34"
"622","3178","284","Full","479.000",NULL,"0","unlimited","0","2026-02-28 10:41:34","2026-02-28 10:41:34"
"623","3179","285","Half","285.000",NULL,"0","unlimited","0","2026-02-28 10:45:00","2026-02-28 10:45:00"
"624","3179","285","Full","479.000",NULL,"0","unlimited","0","2026-02-28 10:45:00","2026-02-28 10:45:00"
"625","3180","286","Half","285.000",NULL,"0","unlimited","0","2026-02-28 10:48:19","2026-02-28 10:48:19"
"626","3180","286","Full","479.000",NULL,"0","unlimited","0","2026-02-28 10:48:19","2026-02-28 10:48:19"
"627","3181","287","Half","345.000",NULL,"0","unlimited","0","2026-02-28 10:53:31","2026-02-28 10:53:31"
"628","3181","287","Full","515.000",NULL,"0","unlimited","0","2026-02-28 10:53:31","2026-02-28 10:53:31"
"629","3182","288","Half","228.000",NULL,"0","unlimited","0","2026-02-28 10:57:41","2026-02-28 10:57:41"
"630","3182","288","Full","459.000",NULL,"0","unlimited","0","2026-02-28 10:57:41","2026-02-28 10:57:41"
"631","3184","289","Half","684.000",NULL,"0","unlimited","0","2026-02-28 11:03:49","2026-02-28 11:03:49"
"632","3184","289","Full","1140.000",NULL,"0","unlimited","0","2026-02-28 11:03:49","2026-02-28 11:03:49"
"633","3279","290","Small","138.000",NULL,"0","unlimited","0","2026-04-08 12:11:24","2026-04-08 12:11:24"
"634","3279","290","Medium","276.000",NULL,"0","unlimited","0","2026-04-08 12:11:24","2026-04-08 12:11:24"
"635","3279","290","Large","506.000",NULL,"0","unlimited","0","2026-04-08 12:11:24","2026-04-08 12:11:24"
"636","3280","291","Small","138.000",NULL,"0","unlimited","0","2026-04-08 12:14:58","2026-04-08 12:14:58"
"637","3280","291","Medium","276.000",NULL,"0","unlimited","0","2026-04-08 12:14:58","2026-04-08 12:14:58"
"638","3280","291","Large","506.000",NULL,"0","unlimited","0","2026-04-08 12:14:58","2026-04-08 12:14:58"
"639","3281","292","Small","138.000",NULL,"0","unlimited","0","2026-04-08 12:18:03","2026-04-08 12:18:03"
"640","3281","292","Medium","276.000",NULL,"0","unlimited","0","2026-04-08 12:18:03","2026-04-08 12:18:03"
"641","3281","292","Large","506.000",NULL,"0","unlimited","0","2026-04-08 12:18:03","2026-04-08 12:18:03"
"642","3282","293","Small","138.000",NULL,"0","unlimited","0","2026-04-08 12:23:35","2026-04-08 12:23:35"
"643","3282","293","Medium","275.000",NULL,"0","unlimited","0","2026-04-08 12:23:35","2026-04-08 12:23:35"
"644","3282","293","Large","506.000",NULL,"0","unlimited","0","2026-04-08 12:23:35","2026-04-08 12:23:35"
"645","3283","294","Small","184.000",NULL,"0","unlimited","0","2026-04-08 12:29:17","2026-04-08 12:29:17"
"646","3283","294","Medium","334.000",NULL,"0","unlimited","0","2026-04-08 12:29:17","2026-04-08 12:29:17"
"647","3283","294","Large","621.000",NULL,"0","unlimited","0","2026-04-08 12:29:17","2026-04-08 12:29:17"
"648","3284","295","Small","184.000",NULL,"0","unlimited","0","2026-04-08 12:35:51","2026-04-08 12:35:51"
"649","3284","295","Medium","334.000",NULL,"0","unlimited","0","2026-04-08 12:35:51","2026-04-08 12:35:51"
"650","3284","295","Large","621.000",NULL,"0","unlimited","0","2026-04-08 12:35:51","2026-04-08 12:35:51"
"651","3285","296","Small","184.000",NULL,"0","unlimited","0","2026-04-08 12:42:30","2026-04-08 12:42:30"
"652","3285","296","Medium","334.000",NULL,"0","unlimited","0","2026-04-08 12:42:30","2026-04-08 12:42:30"
"653","3285","296","Large","621.000",NULL,"0","unlimited","0","2026-04-08 12:42:30","2026-04-08 12:42:30"
"654","3286","297","Small","184.000",NULL,"0","unlimited","0","2026-04-08 12:49:44","2026-04-08 12:49:44"
"655","3286","297","Medium","334.000",NULL,"0","unlimited","0","2026-04-08 12:49:44","2026-04-08 12:49:44"
"656","3286","297","Large","621.000",NULL,"0","unlimited","0","2026-04-08 12:49:44","2026-04-08 12:49:44"
"657","3287","298","Small","207.000",NULL,"0","unlimited","0","2026-04-08 12:57:33","2026-04-08 12:57:33"
"658","3287","298","Medium","391.000",NULL,"0","unlimited","0","2026-04-08 12:57:33","2026-04-08 12:57:33"
"659","3287","298","Large","679.000",NULL,"0","unlimited","0","2026-04-08 12:57:33","2026-04-08 12:57:33"
"660","3288","299","Small","207.000",NULL,"0","unlimited","0","2026-04-08 13:02:16","2026-04-08 13:02:16"
"661","3288","299","Medium","391.000",NULL,"0","unlimited","0","2026-04-08 13:02:16","2026-04-08 13:02:16"
"662","3288","299","Large","679.000",NULL,"0","unlimited","0","2026-04-08 13:02:16","2026-04-08 13:02:16"
"663","3289","300","Small","207.000",NULL,"0","unlimited","0","2026-04-08 13:15:31","2026-04-08 13:15:31"
"664","3289","300","Medium","391.000",NULL,"0","unlimited","0","2026-04-08 13:15:31","2026-04-08 13:15:31"
"665","3289","300","Large","679.000",NULL,"0","unlimited","0","2026-04-08 13:15:31","2026-04-08 13:15:31"
"666","3290","301","Small","207.000",NULL,"0","unlimited","0","2026-04-08 13:21:47","2026-04-08 13:21:47"
"667","3290","301","Medium","391.000",NULL,"0","unlimited","0","2026-04-08 13:21:47","2026-04-08 13:21:47"
"668","3290","301","Large","679.000",NULL,"0","unlimited","0","2026-04-08 13:21:47","2026-04-08 13:21:47"
"669","3291","302","Small","207.000",NULL,"0","unlimited","0","2026-04-08 13:27:31","2026-04-08 13:27:31"
"670","3291","302","Medium","391.000",NULL,"0","unlimited","0","2026-04-08 13:27:31","2026-04-08 13:27:31"
"671","3291","302","Large","679.000",NULL,"0","unlimited","0","2026-04-08 13:27:31","2026-04-08 13:27:31"
"672","3292","303","Small","232.000",NULL,"0","unlimited","0","2026-04-08 13:58:41","2026-04-08 13:58:41"
"673","3292","303","Medium","495.000",NULL,"0","unlimited","0","2026-04-08 13:58:41","2026-04-08 13:58:41"
"674","3292","303","Large","782.000",NULL,"0","unlimited","0","2026-04-08 13:58:41","2026-04-08 13:58:41"
"675","3293","304","Small","242.000",NULL,"0","unlimited","0","2026-04-08 14:05:56","2026-04-08 14:05:56"
"676","3293","304","Medium","495.000",NULL,"0","unlimited","0","2026-04-08 14:05:56","2026-04-08 14:05:56"
"677","3293","304","Large","782.000",NULL,"0","unlimited","0","2026-04-08 14:05:56","2026-04-08 14:05:56"
"678","3294","305","Small","242.000",NULL,"0","unlimited","0","2026-04-08 14:17:31","2026-04-08 14:17:31"
"679","3294","305","Medium","495.000",NULL,"0","unlimited","0","2026-04-08 14:17:31","2026-04-08 14:17:31"
"680","3294","305","Large","782.000",NULL,"0","unlimited","0","2026-04-08 14:17:31","2026-04-08 14:17:31"
"681","3295","306","Regular","115.000",NULL,"0","unlimited","0","2026-04-08 17:14:54","2026-04-08 17:14:54"
"682","3295","306","Medium","219.000",NULL,"0","unlimited","0","2026-04-08 17:14:54","2026-04-10 12:33:23"
"683","3295","306","Large","345.000",NULL,"0","unlimited","0","2026-04-08 17:14:54","2026-04-10 12:33:23"
"684","3295","306","X.Large","437.000",NULL,"0","unlimited","0","2026-04-08 17:14:54","2026-04-10 12:33:23"
"685","3296","307","Regular","138.000",NULL,"0","unlimited","0","2026-04-08 17:23:26","2026-04-08 17:23:26"
"686","3296","307","Medium","230.000",NULL,"0","unlimited","0","2026-04-08 17:23:26","2026-04-10 12:35:27"
"687","3296","307","Large","347.000",NULL,"0","unlimited","0","2026-04-08 17:23:26","2026-04-10 12:35:27"
"688","3296","307","Xe.large","472.000",NULL,"0","unlimited","0","2026-04-08 17:23:26","2026-04-10 12:35:27"
"689","1820","60","Meal","225.000",NULL,"0","unlimited","0","2026-04-15 16:33:50","2026-04-15 16:33:50"
"690","1821","61","Meal","230.000",NULL,"0","unlimited","0","2026-04-15 16:36:25","2026-04-15 16:36:25"
"692","1822","62","Meal","230.000",NULL,"0","unlimited","0","2026-04-15 17:03:13","2026-04-15 17:03:13"
"693","1823","63","Meal","230.000",NULL,"0","unlimited","0","2026-04-15 17:07:51","2026-04-15 17:07:51"
"694","1824","64","Meal","248.000",NULL,"0","unlimited","0","2026-04-15 17:09:51","2026-04-15 17:09:51"
"695","1806","40","Meal","167.000",NULL,"0","unlimited","0","2026-04-15 17:11:49","2026-04-15 17:11:49"
"696","1807","41","Meal","173.000",NULL,"0","unlimited","0","2026-04-15 17:13:37","2026-04-15 17:13:37"
"697","1808","42","Meal","184.000",NULL,"0","unlimited","0","2026-04-15 17:15:18","2026-04-15 17:15:18"
"698","1809","44","Meal","196.000",NULL,"0","unlimited","0","2026-04-15 17:22:44","2026-04-15 17:22:44"
"699","1810","48","Meal","190.000",NULL,"0","unlimited","0","2026-04-15 17:25:53","2026-04-15 17:25:53"
"700","1811","49","Meal","202.000",NULL,"0","unlimited","0","2026-04-15 17:31:20","2026-04-15 17:31:20"
"701","1812","50","Meal","202.000",NULL,"0","unlimited","0","2026-04-15 17:35:27","2026-04-15 17:35:27"
"702","1813","51","Meal","202.000",NULL,"0","unlimited","0","2026-04-15 17:38:05","2026-04-15 17:38:05"
"703","1814","52","Meal","213.000",NULL,"0","unlimited","0","2026-04-15 17:40:07","2026-04-15 17:40:07"
"739","1815","54","Burger","81.070",NULL,"0","unlimited","0","2026-04-15 17:43:32","2026-04-15 17:43:32"
"740","1815","54","Meal","190.000",NULL,"0","unlimited","0","2026-04-15 17:43:32","2026-04-15 17:43:32"
"741","1816","55","Meal","202.000",NULL,"0","unlimited","0","2026-04-15 17:45:19","2026-04-15 17:45:19"
"742","1817","56","Meal","202.000",NULL,"0","unlimited","0","2026-04-15 17:47:41","2026-04-15 17:47:41"
"743","1817","56","Meal","202.000",NULL,"0","unlimited","0","2026-04-15 17:47:41","2026-04-15 17:47:41"
"744","1818","58","Meal","207.000",NULL,"0","unlimited","0","2026-04-15 17:49:31","2026-04-15 17:49:31"
"745","1819","59","Meal","219.000",NULL,"0","unlimited","0","2026-04-15 17:51:56","2026-04-15 17:51:56"
"746","2271","308","Small","225.000",NULL,"0","unlimited","0","2026-04-15 18:26:51","2026-04-15 18:26:51"
"747","2271","308","Medium","362.870",NULL,"0","unlimited","0","2026-04-15 18:26:51","2026-04-15 18:26:51"
"748","1825","65","Meal","202.000",NULL,"0","unlimited","0","2026-04-16 13:37:11","2026-04-16 13:37:11"
"749","1826","66","Meal","207.000",NULL,"0","unlimited","0","2026-04-16 13:47:30","2026-04-16 13:50:05"
"750","1838","309","Sandwich","87.000",NULL,"0","unlimited","0","2026-04-16 13:52:12","2026-04-16 13:52:12"
"751","1838","309","Meal","213.000",NULL,"0","unlimited","0","2026-04-16 13:52:12","2026-04-16 13:52:12"
"752","1827","67","Meal","219.000",NULL,"0","unlimited","0","2026-04-16 13:54:14","2026-04-16 13:54:14"
"753","1828","68","Meal","219.000",NULL,"0","unlimited","0","2026-04-16 13:55:46","2026-04-16 13:55:46"
"754","1829","69","Meal","213.000",NULL,"0","unlimited","0","2026-04-16 13:58:28","2026-04-16 13:58:28"
"755","1829","69","Meal","213.000",NULL,"0","unlimited","0","2026-04-16 13:58:28","2026-04-16 13:58:28"
"756","1829","69","Meal","213.000",NULL,"0","unlimited","0","2026-04-16 13:58:29","2026-04-16 13:58:29"
"757","1829","69","Meal","213.000",NULL,"0","unlimited","0","2026-04-16 13:58:29","2026-04-16 13:58:29"
"758","1829","69","Meal","213.000",NULL,"0","unlimited","0","2026-04-16 13:58:37","2026-04-16 13:58:37"
"759","1830","70","Meal","230.000",NULL,"0","unlimited","0","2026-04-16 14:00:39","2026-04-16 14:00:39"
"760","1831","310","Sandwich","92.000",NULL,"0","unlimited","0","2026-04-16 14:03:46","2026-04-16 14:03:46"
"761","1831","310","Meal","219.000",NULL,"0","unlimited","0","2026-04-16 14:03:46","2026-04-16 14:03:46"
"762","1832","311","Sandwich","110.000",NULL,"0","unlimited","0","2026-04-16 14:07:11","2026-04-16 14:07:11"
"763","1832","311","Meal","230.000",NULL,"0","unlimited","0","2026-04-16 14:07:11","2026-04-16 14:07:11"
"764","1833","312","Sandwich","110.000",NULL,"0","unlimited","0","2026-04-16 14:08:56","2026-04-16 14:08:56"
"765","1833","312","Meal","230.000",NULL,"0","unlimited","0","2026-04-16 14:08:56","2026-04-16 14:08:56"
"766","1834","313","Sandwich","115.000",NULL,"0","unlimited","0","2026-04-16 14:11:04","2026-04-16 14:11:04"
"767","1834","313","Meal","236.000",NULL,"0","unlimited","0","2026-04-16 14:11:04","2026-04-16 14:11:04"
"768","1835","314","Sandwich","98.000",NULL,"0","unlimited","0","2026-04-16 14:21:06","2026-04-16 14:21:06"
"769","1835","314","Meal","225.000",NULL,"0","unlimited","0","2026-04-16 14:21:06","2026-04-16 14:21:06"
"770","1836","315","Sandwich","110.000",NULL,"0","unlimited","0","2026-04-16 14:25:00","2026-04-16 14:25:00"
"771","1836","315","Meal","225.000",NULL,"0","unlimited","0","2026-04-16 14:25:00","2026-04-16 14:25:00"
"772","1837","316","Sandwich","110.000",NULL,"0","unlimited","0","2026-04-16 14:26:51","2026-04-16 14:26:51"
"773","1837","316","Meal","225.000",NULL,"0","unlimited","0","2026-04-16 14:26:51","2026-04-16 14:26:51"
"774","2180","3","small","114.020",NULL,"0","unlimited","0","2026-04-17 14:44:57","2026-04-17 14:44:57"
"775","2188","11","small","177.000",NULL,"0","unlimited","0","2026-04-17 14:46:42","2026-04-17 14:46:42"
"776","3329","317","Small","161.000",NULL,"0","unlimited","0","2026-04-22 11:59:49","2026-04-22 12:28:58"
"777","3329","317","Large","265.000",NULL,"0","unlimited","0","2026-04-22 11:59:49","2026-04-22 12:28:58"
"778","3329","317","Large","345.000",NULL,"0","unlimited","0","2026-04-22 11:59:49","2026-04-22 12:28:58"
"779","3330","318","Small","161.000",NULL,"0","unlimited","0","2026-04-22 12:12:45","2026-04-22 12:26:10"
"780","3330","318","Medium","265.000",NULL,"0","unlimited","0","2026-04-22 12:12:45","2026-04-22 12:26:10"
"781","3330","318","Large","376.000",NULL,"0","unlimited","0","2026-04-22 12:12:45","2026-04-22 12:26:10"
"782","3331","319","Small","195.000",NULL,"0","unlimited","0","2026-04-22 12:24:15","2026-04-22 12:24:15"
"783","3331","319","Medium","265.000",NULL,"0","unlimited","0","2026-04-22 12:24:15","2026-04-22 12:24:15"
"784","3331","319","Large","380.000",NULL,"0","unlimited","0","2026-04-22 12:24:15","2026-04-22 12:24:15"
"785","3343","320","Single","104.000",NULL,"0","unlimited","0","2026-04-29 16:44:58","2026-04-29 16:44:58"
"786","3343","320","All Four","380.000",NULL,"0","unlimited","0","2026-04-29 16:44:58","2026-04-29 16:44:58"
"787","3344","321","single","115.000",NULL,"0","unlimited","0","2026-04-29 16:52:29","2026-04-29 16:52:29"
"788","3344","321","all four","437.000",NULL,"0","unlimited","0","2026-04-29 16:52:29","2026-04-29 16:52:29"
"789","3345","322","Regular","138.000",NULL,"0","unlimited","0","2026-04-29 16:58:43","2026-04-29 16:58:43"
"790","3345","322","Medium","299.000",NULL,"0","unlimited","0","2026-04-29 16:58:43","2026-04-29 16:58:43"
"791","3345","322","Large","460.000",NULL,"0","unlimited","0","2026-04-29 16:58:43","2026-04-29 16:58:43"
"792","3346","323","Regular","196.000",NULL,"0","unlimited","0","2026-04-29 17:04:55","2026-04-29 17:04:55"
"793","3346","323","Medium","380.000",NULL,"0","unlimited","0","2026-04-29 17:04:55","2026-04-29 17:04:55"
"794","3346","323","Large","518.000",NULL,"0","unlimited","0","2026-04-29 17:04:55","2026-04-29 17:21:30"
"795","3347","324","Regular","196.000",NULL,"0","unlimited","0","2026-04-29 17:12:20","2026-04-29 17:12:20"
"796","3347","324","Medium","380.000",NULL,"0","unlimited","0","2026-04-29 17:12:20","2026-04-29 17:20:33"
"797","3347","324","Large","518.000",NULL,"0","unlimited","0","2026-04-29 17:12:20","2026-04-29 17:20:33"
"798","3348","325","Regular","196.000",NULL,"0","unlimited","0","2026-04-29 17:34:47","2026-04-29 17:34:47"
"799","3348","325","Medium","380.000",NULL,"0","unlimited","0","2026-04-29 17:34:47","2026-04-29 17:34:47"
"800","3348","325","Large","518.000",NULL,"0","unlimited","0","2026-04-29 17:34:47","2026-04-29 17:34:47"
"801","3349","326","Regular","230.000",NULL,"0","unlimited","0","2026-04-29 17:40:55","2026-04-29 17:40:55"
"802","3349","326","Medium","460.000",NULL,"0","unlimited","0","2026-04-29 17:40:55","2026-04-29 17:40:55"
"803","3349","326","Large","575.000",NULL,"0","unlimited","0","2026-04-29 17:40:55","2026-04-29 17:40:55"
"804","3350","327","Regular","215.000",NULL,"0","unlimited","0","2026-04-29 17:45:12","2026-04-29 17:45:12"
"805","3350","327","Medium","460.000",NULL,"0","unlimited","0","2026-04-29 17:45:12","2026-04-29 17:45:12"
"806","3350","327","Large","575.000",NULL,"0","unlimited","0","2026-04-29 17:45:12","2026-04-29 17:45:12"
"807","3351","328","Regular","230.000",NULL,"0","unlimited","0","2026-04-29 17:51:57","2026-04-29 17:51:57"
"808","3351","328","Medium","460.000",NULL,"0","unlimited","0","2026-04-29 17:51:57","2026-04-29 17:51:57"
"809","3351","328","Large","575.000",NULL,"0","unlimited","0","2026-04-29 17:51:57","2026-04-29 17:51:57"
"810","3352","329","Regular","230.000",NULL,"0","unlimited","0","2026-04-29 18:05:33","2026-04-29 18:05:33"
"811","3352","329","Medium","460.000",NULL,"0","unlimited","0","2026-04-29 18:05:33","2026-04-29 18:05:33"
"812","3352","329","Large","575.000",NULL,"0","unlimited","0","2026-04-29 18:05:33","2026-04-29 18:05:33"
"813","3353","330","Regular","265.000",NULL,"0","unlimited","0","2026-04-29 18:11:13","2026-04-29 18:11:13"
"814","3353","330","Medium","633.000",NULL,"0","unlimited","0","2026-04-29 18:11:13","2026-04-29 18:11:13"
"815","3353","330","Large","748.000",NULL,"0","unlimited","0","2026-04-29 18:11:13","2026-04-29 18:11:13"
"816","3354","331","Regular","265.000",NULL,"0","unlimited","0","2026-04-29 18:35:43","2026-04-29 18:35:43"
"817","3354","331","Medium","633.000",NULL,"0","unlimited","0","2026-04-29 18:35:43","2026-04-29 18:35:43"
"818","3354","331","Large","748.000",NULL,"0","unlimited","0","2026-04-29 18:35:43","2026-04-29 18:35:43"
"819","3355","332","Regular","265.000",NULL,"0","unlimited","0","2026-04-29 18:42:44","2026-04-29 18:42:44"
"820","3355","332","Medium","633.000",NULL,"0","unlimited","0","2026-04-29 18:42:44","2026-04-29 18:42:44"
"821","3355","332","Large","748.000",NULL,"0","unlimited","0","2026-04-29 18:42:44","2026-04-29 18:42:44"
"822","3356","333","Regular","265.000",NULL,"0","unlimited","0","2026-04-29 18:49:48","2026-04-29 18:49:48"
"823","3356","333","Medium","633.000",NULL,"0","unlimited","0","2026-04-29 18:49:48","2026-04-29 18:49:48"
"824","3356","333","Large","748.000",NULL,"0","unlimited","0","2026-04-29 18:49:48","2026-04-29 18:49:48"
"825","3357","334","Regular","265.000",NULL,"0","unlimited","0","2026-04-29 18:57:03","2026-04-29 18:57:03"
"826","3357","334","Medium","633.000",NULL,"0","unlimited","0","2026-04-29 18:57:03","2026-04-29 18:57:03"
"827","3357","334","Large","748.000",NULL,"0","unlimited","0","2026-04-29 18:57:03","2026-04-29 18:57:03"
"828","3358","335","Regular","265.000",NULL,"0","unlimited","0","2026-04-29 19:06:25","2026-04-29 19:06:25"
"829","3358","335","Medium","633.000",NULL,"0","unlimited","0","2026-04-29 19:06:25","2026-04-29 19:06:25"
"830","3358","335","Large","748.000",NULL,"0","unlimited","0","2026-04-29 19:06:25","2026-04-29 19:06:25"
"831","3359","336","Regular","265.000",NULL,"0","unlimited","0","2026-04-29 19:11:30","2026-04-29 19:11:30"
"832","3359","336","Medium","633.000",NULL,"0","unlimited","0","2026-04-29 19:11:30","2026-04-29 19:11:30"
"833","3359","336","Large","748.000",NULL,"0","unlimited","0","2026-04-29 19:11:30","2026-04-29 19:11:30"
"834","3360","337","Regular","311.000",NULL,"0","unlimited","0","2026-04-29 19:18:18","2026-04-29 19:18:18"
"835","3360","337","Medium","656.000",NULL,"0","unlimited","0","2026-04-29 19:18:18","2026-04-29 19:18:18"
"836","3360","337","Large","771.000",NULL,"0","unlimited","0","2026-04-29 19:18:18","2026-04-29 19:18:18"
"837","2273","38","full","158.000",NULL,"0","unlimited","0","2026-05-21 16:00:02","2026-05-21 16:00:02"
"838","1708","338","Small","92.000",NULL,"0","unlimited","0","2026-05-22 11:45:25","2026-05-22 11:45:25"
"839","1708","338","Medium","115.000",NULL,"0","unlimited","0","2026-05-22 11:45:25","2026-05-22 11:45:25"
"840","1708","338","Large","184.000",NULL,"0","unlimited","0","2026-05-22 11:45:25","2026-05-22 11:45:25"
"841","1858","339","Small","92.000",NULL,"0","unlimited","0","2026-05-22 11:52:30","2026-05-22 11:52:30"
"842","1858","339","Medium","115.000",NULL,"0","unlimited","0","2026-05-22 11:52:30","2026-05-22 11:52:30"
"843","1858","339","Large","173.010",NULL,"0","unlimited","0","2026-05-22 11:52:30","2026-05-22 11:52:30"
"844","1857","340","Small","92.000",NULL,"0","unlimited","0","2026-05-22 11:54:13","2026-05-22 11:54:13"
"845","1857","340","Medium","115.000",NULL,"0","unlimited","0","2026-05-22 11:54:13","2026-05-22 11:54:13"
"846","1857","340","Large","173.000",NULL,"0","unlimited","0","2026-05-22 11:54:13","2026-05-22 11:54:13"
"847","1854","341","Small","92.000",NULL,"0","unlimited","0","2026-05-22 11:55:18","2026-05-22 11:55:18"
"848","1854","341","Medium","115.000",NULL,"0","unlimited","0","2026-05-22 11:55:18","2026-05-22 11:55:18"
"849","1854","341","Large","173.000",NULL,"0","unlimited","0","2026-05-22 11:55:18","2026-05-22 11:55:18"
"850","1853","342","Small","92.000",NULL,"0","unlimited","0","2026-05-22 11:56:16","2026-05-22 11:56:16"
"851","1853","342","Medium","115.000",NULL,"0","unlimited","0","2026-05-22 11:56:16","2026-05-22 11:56:16"
"852","1853","342","Large","173.000",NULL,"0","unlimited","0","2026-05-22 11:56:16","2026-05-22 11:56:16"
"853","1852","343","Small","92.000",NULL,"0","unlimited","0","2026-05-22 11:57:21","2026-05-22 11:57:21"
"854","1852","343","Medium","115.000",NULL,"0","unlimited","0","2026-05-22 11:57:21","2026-05-22 11:57:21"
"855","1852","343","Large","173.000",NULL,"0","unlimited","0","2026-05-22 11:57:21","2026-05-22 11:57:21"
"856","1805","344","Small","92.000",NULL,"0","unlimited","0","2026-05-22 11:59:30","2026-05-22 11:59:30"
"857","1805","344","Medium","115.000",NULL,"0","unlimited","0","2026-05-22 11:59:30","2026-05-22 11:59:30"
"858","1805","344","Large","172.000",NULL,"0","unlimited","0","2026-05-22 11:59:30","2026-05-22 11:59:30"
"859","1804","345","Small","92.000",NULL,"0","unlimited","0","2026-05-22 12:01:48","2026-05-22 12:01:48"
"860","1804","345","Medium","115.000",NULL,"0","unlimited","0","2026-05-22 12:01:48","2026-05-22 12:01:48"
"861","1804","345","Large","173.000",NULL,"0","unlimited","0","2026-05-22 12:01:48","2026-05-22 12:01:48"
"862","1803","346","Small","92.000",NULL,"0","unlimited","0","2026-05-22 12:02:45","2026-05-22 12:02:45"
"863","1803","346","Medium","115.000",NULL,"0","unlimited","0","2026-05-22 12:02:45","2026-05-22 12:02:45"
"864","1803","346","Large","172.000",NULL,"0","unlimited","0","2026-05-22 12:02:45","2026-05-22 12:02:45"
"865","2724","347","Small","92.000",NULL,"0","unlimited","0","2026-05-22 12:20:34","2026-05-22 12:20:34"
"866","2724","347","Medium","115.000",NULL,"0","unlimited","0","2026-05-22 12:20:34","2026-05-22 12:20:34"
"867","2724","347","Large","172.000",NULL,"0","unlimited","0","2026-05-22 12:20:34","2026-05-22 12:20:34"
"868","3361","348","Small","46.000",NULL,"0","unlimited","0","2026-05-22 17:15:57","2026-05-22 17:15:57"
"869","3361","348","Medium","58.000",NULL,"0","unlimited","0","2026-05-22 17:15:57","2026-05-22 17:15:57"
"870","3361","348","Large","92.000",NULL,"0","unlimited","0","2026-05-22 17:15:57","2026-05-22 17:15:57"
"871","3362","349","Small","70.000",NULL,"0","unlimited","0","2026-05-22 17:17:18","2026-05-22 17:17:18"
"872","3362","349","Medium","92.000",NULL,"0","unlimited","0","2026-05-22 17:17:18","2026-05-22 17:17:18"
"873","3362","349","Large","127.000",NULL,"0","unlimited","0","2026-05-22 17:17:18","2026-05-22 17:17:18"
"874","3363","350","Small","81.000",NULL,"0","unlimited","0","2026-05-22 17:18:50","2026-05-22 17:18:50"
"875","3363","350","Medium","92.000",NULL,"0","unlimited","0","2026-05-22 17:18:50","2026-05-22 17:18:50"
"876","3363","350","Large","115.000",NULL,"0","unlimited","0","2026-05-22 17:18:50","2026-05-22 17:18:50"
"877","3364","351","Small","81.000",NULL,"0","unlimited","0","2026-05-22 17:20:37","2026-05-22 17:20:37"
"878","3364","351","Medium","92.000",NULL,"0","unlimited","0","2026-05-22 17:20:37","2026-05-22 17:20:37"
"879","3364","351","Large","115.000",NULL,"0","unlimited","0","2026-05-22 17:20:37","2026-05-22 17:20:37"
"880","3365","352","Small","81.000",NULL,"0","unlimited","0","2026-05-22 17:21:54","2026-05-22 17:21:54"
"881","3365","352","Medium","92.000",NULL,"0","unlimited","0","2026-05-22 17:21:54","2026-05-22 17:21:54"
"882","3365","352","Large","127.000",NULL,"0","unlimited","0","2026-05-22 17:21:54","2026-05-22 17:21:54"
"883","3366","353","Small","92.000",NULL,"0","unlimited","0","2026-05-22 17:36:53","2026-05-22 17:36:53"
"884","3366","353","Medium","104.000",NULL,"0","unlimited","0","2026-05-22 17:36:53","2026-05-22 17:36:53"
"885","3366","353","Large","127.000",NULL,"0","unlimited","0","2026-05-22 17:36:53","2026-05-22 17:36:53"
"886","3392","354","Half","72.000",NULL,"0","unlimited","0","2026-05-22 18:58:38","2026-05-22 18:58:38"
"887","3392","354","Full","92.990",NULL,"0","unlimited","0","2026-05-22 18:58:38","2026-05-22 18:58:38"
"888","3441","355","Half","136.000",NULL,"0","unlimited","0","2026-06-03 07:21:27","2026-06-03 07:21:27"
"889","3441","355","Full","228.000",NULL,"0","unlimited","0","2026-06-03 07:21:27","2026-06-03 07:21:27"
"890","3442","356","Half","136.000",NULL,"0","unlimited","0","2026-06-03 07:22:53","2026-06-03 07:22:53"
"891","3442","356","Full","228.000",NULL,"0","unlimited","0","2026-06-03 07:22:53","2026-06-03 07:22:53"
"892","3443","357","Half","136.000",NULL,"0","unlimited","0","2026-06-03 07:24:18","2026-06-03 07:24:18"
"893","3443","357","Full","228.000",NULL,"0","unlimited","0","2026-06-03 07:24:18","2026-06-03 07:24:18"
"894","3444","358","Half","136.000",NULL,"0","unlimited","0","2026-06-03 07:26:00","2026-06-03 07:26:00"
"895","3444","358","Full","228.000",NULL,"0","unlimited","0","2026-06-03 07:26:00","2026-06-03 07:26:00"
"896","3445","359","Half","136.000",NULL,"0","unlimited","0","2026-06-03 07:27:17","2026-06-03 07:27:17"
"897","3445","359","Full","228.000",NULL,"0","unlimited","0","2026-06-03 07:27:17","2026-06-03 07:27:17"
"898","3446","360","Half","136.000",NULL,"0","unlimited","0","2026-06-03 07:28:40","2026-06-03 07:28:40"
"899","3446","360","Full","228.000",NULL,"0","unlimited","0","2026-06-03 07:28:40","2026-06-03 07:28:40"
"900","3447","361","Half","136.000",NULL,"0","unlimited","0","2026-06-03 07:30:05","2026-06-03 07:30:05"
"901","3447","361","Full","228.000",NULL,"0","unlimited","0","2026-06-03 07:30:05","2026-06-03 07:30:05"
"902","3448","362","Half","136.000",NULL,"0","unlimited","0","2026-06-03 07:31:35","2026-06-03 07:31:35"
"903","3448","362","Full","228.000",NULL,"0","unlimited","0","2026-06-03 07:31:35","2026-06-03 07:31:35"
"904","1594","363","Full","599.000",NULL,"0","unlimited","0","2026-06-07 10:53:02","2026-06-07 10:53:02"
"905","1594","363","Half","370.000",NULL,"0","unlimited","0","2026-06-07 10:53:02","2026-06-07 10:53:02"
"906","3497","364","Full","570.000",NULL,"0","unlimited","0","2026-06-07 10:54:44","2026-06-07 10:54:44"
"907","3497","364","Half","360.000",NULL,"0","unlimited","0","2026-06-07 10:54:44","2026-06-07 10:54:44"
"910","3498","366","Half","360.000",NULL,"0","unlimited","0","2026-06-07 11:02:55","2026-06-07 11:02:55"
"911","3498","366","Full","570.000",NULL,"0","unlimited","0","2026-06-07 11:02:55","2026-06-07 11:02:55"
"912","3506","367","Full","549.000",NULL,"0","unlimited","0","2026-06-07 11:24:49","2026-06-07 11:24:49"
"913","3506","367","Half","330.000",NULL,"0","unlimited","0","2026-06-07 11:24:49","2026-06-07 11:24:49"
"914","3507","368","Half","350.000",NULL,"0","unlimited","0","2026-06-07 11:26:09","2026-06-07 11:26:09"
"915","3507","368","Full","570.000",NULL,"0","unlimited","0","2026-06-07 11:26:09","2026-06-07 11:26:09"
"916","3519","369","Full","450.000",NULL,"0","unlimited","0","2026-06-07 12:11:52","2026-06-07 12:11:52"
"917","3519","369","Half","600.000",NULL,"0","unlimited","0","2026-06-07 12:11:52","2026-06-07 12:11:52"
"918","2118","370","Half","450.000",NULL,"0","unlimited","0","2026-06-07 12:13:46","2026-06-07 12:13:46"
"919","2118","370","Full","630.000",NULL,"0","unlimited","0","2026-06-07 12:13:46","2026-06-07 12:13:46"
"920","3520","371","Half","430.000",NULL,"0","unlimited","0","2026-06-07 12:15:58","2026-06-07 12:15:58"
"921","3520","371","Full","640.000",NULL,"0","unlimited","0","2026-06-07 12:15:58","2026-06-07 12:15:58"
"922","3521","372","Half","460.000",NULL,"0","unlimited","0","2026-06-07 12:17:39","2026-06-07 12:17:39"
"923","3521","372","Full","650.000",NULL,"0","unlimited","0","2026-06-07 12:17:39","2026-06-07 12:17:39"
"924","3522","373","Half","450.000",NULL,"0","unlimited","0","2026-06-07 12:18:58","2026-06-07 12:18:58"
"925","3522","373","Full","430.000",NULL,"0","unlimited","0","2026-06-07 12:18:58","2026-06-07 12:18:58"
"926","2116","374","Half","430.000",NULL,"0","unlimited","0","2026-06-07 12:20:06","2026-06-07 12:20:06"
"927","2116","374","Full","630.000",NULL,"0","unlimited","0","2026-06-07 12:20:06","2026-06-07 12:20:06"
"928","3534","375","Mango Bobba","115.000",NULL,"0","unlimited","0","2026-06-26 09:17:39","2026-06-26 09:17:39"
"929","3534","375","Blueberry Boba","115.000",NULL,"0","unlimited","0","2026-06-26 09:17:39","2026-06-26 09:17:39"
"930","3534","375","Strawberry Bobba","115.000",NULL,"0","unlimited","0","2026-06-26 09:17:39","2026-06-26 09:17:39"
"931","3534","375","Pina Colada","115.000",NULL,"0","unlimited","0","2026-06-26 09:17:39","2026-06-26 09:17:39"
"932","3535","376","Lotus Biscoff Chesse Cake","0.000",NULL,"0","unlimited","0","2026-06-26 09:21:14","2026-06-26 09:21:14"
"933","3535","376","Strawberry Chesse Cake Slice","0.000",NULL,"0","unlimited","0","2026-06-26 09:21:14","2026-06-26 09:21:14"
"934","3535","376","Blueberry Chesse Cake Slice","0.000",NULL,"0","unlimited","0","2026-06-26 09:21:14","2026-06-26 09:21:14"
"935","3535","376","Nuttela Chesse Cake sSice","20.000",NULL,"0","unlimited","0","2026-06-26 09:21:14","2026-06-26 09:21:14"
"936","3536","377","Blueberry Acai Bowl","0.000",NULL,"0","unlimited","0","2026-06-26 09:31:28","2026-06-26 09:31:28"
"937","3536","377","Mango Acai Bowl","0.000",NULL,"0","unlimited","0","2026-06-26 09:31:28","2026-06-26 09:31:28"
"938","3538","378","Virgin Mint Mojito","0.000",NULL,"0","unlimited","0","2026-06-26 09:36:11","2026-06-26 09:36:11"
"939","3538","378","Kkala Khatta Mojito","0.000",NULL,"0","unlimited","0","2026-06-26 09:36:11","2026-06-26 09:36:11"
"940","3538","378","Green Apple Mojito","0.000",NULL,"0","unlimited","0","2026-06-26 09:36:11","2026-06-26 09:36:11"
"941","3538","378","Mint Masala Mojito","0.000",NULL,"0","unlimited","0","2026-06-26 09:36:11","2026-06-26 09:36:11"
"942","3539","379","Double Brownie Shake","20.000",NULL,"0","unlimited","0","2026-06-26 09:40:00","2026-06-26 09:40:00"
"943","3539","379","Oreo Strawberry Shake","0.000",NULL,"0","unlimited","0","2026-06-26 09:40:00","2026-06-26 09:40:00"
"944","3539","379","Bubblegum Shake","0.000",NULL,"0","unlimited","0","2026-06-26 09:40:00","2026-06-26 09:40:00"
"945","3539","379","Biscoff Chesse Cake Shake","20.000",NULL,"0","unlimited","0","2026-06-26 09:40:00","2026-06-26 09:40:00"
"946","3539","379","Strawberry Chesse Cake Shake","20.000",NULL,"0","unlimited","0","2026-06-26 09:40:00","2026-06-26 09:40:00"
"947","3540","380","Double Chocolate","0.000",NULL,"0","unlimited","0","2026-06-26 09:42:35","2026-06-26 09:42:35"
"948","3540","380","Lotus Biscoff","20.000",NULL,"0","unlimited","0","2026-06-26 09:42:35","2026-06-26 09:42:35"
"949","3540","380","Nuttela","20.000",NULL,"0","unlimited","0","2026-06-26 09:42:35","2026-06-26 09:42:35"
"950","3542","381","Classic","0.000",NULL,"0","unlimited","0","2026-06-26 09:46:23","2026-06-26 09:46:23"
"951","3542","381","Tiramisu","30.000",NULL,"0","unlimited","0","2026-06-26 09:46:23","2026-06-26 09:46:23"
"952","3542","381","HazleNut","30.000",NULL,"0","unlimited","0","2026-06-26 09:46:23","2026-06-26 09:46:23"
"953","3543","382","Classical (assorted mix of fruits))","0.000",NULL,"0","unlimited","0","2026-06-26 09:50:55","2026-06-26 09:50:55"
"954","3543","382","Pineapple","0.000",NULL,"0","unlimited","0","2026-06-26 09:50:55","2026-06-26 09:50:55"
"955","3543","382","Mango","0.000",NULL,"0","unlimited","0","2026-06-26 09:50:55","2026-06-26 09:50:55"
"956","3543","382","Strawberry","0.000",NULL,"0","unlimited","0","2026-06-26 09:50:55","2026-06-26 09:50:55"
"957","3543","382","Blue Berry","0.000",NULL,"0","unlimited","0","2026-06-26 09:50:55","2026-06-26 09:50:55"
"958","3543","382","Mixed Berry","0.000",NULL,"0","unlimited","0","2026-06-26 09:50:55","2026-06-26 09:50:55"
"959","3543","382","Mixed Fruit","80.000",NULL,"0","unlimited","0","2026-06-26 09:50:55","2026-06-26 09:50:55"
"960","3543","382","Fresh Fruit","120.000",NULL,"0","unlimited","0","2026-06-26 09:50:55","2026-06-26 09:50:55"
"961","3543","382","Vanilla Chocholate","80.000",NULL,"0","unlimited","0","2026-06-26 09:50:55","2026-06-26 09:50:55"
"962","3543","382","Rasmalai","120.000",NULL,"0","unlimited","0","2026-06-26 09:50:55","2026-06-26 09:50:55"
"963","3543","382","Lotus Biscoff","149.980",NULL,"0","unlimited","0","2026-06-26 09:50:55","2026-06-26 09:50:55"
